index,movie_name,movie_id,city_id
0,Jurassic World: Fallen Kingdom,ET00058799,MUMBAI
1,Veere Di Wedding,ET00042975,MUMBAI
2,Farzand,ET00072484,MUMBAI
3,Parmanu: The Story of Pokhran,ET00058781,MUMBAI
4,Kaala,ET00057686,MUMBAI
5,Raazi,ET00059201,MUMBAI
6,Bucket List,ET00069206,MUMBAI
7,Race 3,ET00063107,MUMBAI
8,Deadpool 2,ET00049430,MUMBAI
9,102 Not Out,ET00037296,MUMBAI
10,Carry On Jatta 2 ,ET00020972,MUMBAI
11,AA BB KK,ET00076165,MUMBAI
12,Bhavesh Joshi Superhero,ET00043575,MUMBAI
13,Solo: A Star Wars Story,ET00068245,MUMBAI
14,Avengers: Infinity War,ET00073462,MUMBAI
15,Book Club,ET00071873,MUMBAI
16,Blue Planet II: One Ocean & The Deep,ET00074653,MUMBAI
17,Maska,ET00074828,MUMBAI
18,Bioscopewala,ET00074880,MUMBAI
19,Krina,ET00076854,MUMBAI
20,Pimpal,ET00076877,MUMBAI
21,Fera Feri Hera Feri,ET00073720,MUMBAI
22,Uma,ET00063261,MUMBAI
23,Lagi Toh Chhagi,ET00075511,MUMBAI
24,Oxygen,ET00075099,MUMBAI
25,Peter Rabbit,ET00062580,MUMBAI
26,Ashtavakra,ET00076003,MUMBAI
27,Padmaavat,ET00046516,MUMBAI
28,Dilwale Dulhania Le Jayenge,ET00000652,MUMBAI
29,Trushart ,ET00077180,MUMBAI
30,Land 1857,ET00077178,MUMBAI
31,Sugna 2,ET00070242,MUMBAI
32,Veere Di Wedding (Exclusively For Women),ET00076785,MUMBAI
33,Tridev Pyar Ki Jung,ET00072869,MUMBAI
0,Veere Di Wedding,ET00042975,NCR
1,Jurassic World: Fallen Kingdom,ET00058799,NCR
2,Carry On Jatta 2 ,ET00020972,NCR
3,Parmanu: The Story of Pokhran,ET00058781,NCR
4,Raazi,ET00059201,NCR
5,Kaala,ET00057686,NCR
6,Race 3,ET00063107,NCR
7,Deadpool 2,ET00049430,NCR
8,102 Not Out,ET00037296,NCR
9,Avengers: Infinity War,ET00073462,NCR
10,Solo: A Star Wars Story,ET00068245,NCR
11,Haami,ET00071832,NCR
12,Blue Planet II: One Ocean & The Deep,ET00074653,NCR
13,Uma,ET00063261,NCR
14,Peter Rabbit,ET00062580,NCR
15,Veere Di Wedding (Exclusively For Women),ET00076785,NCR
16,Ferdinand,ET00064155,NCR
17,Krina,ET00076854,NCR
18,Coco,ET00052365,NCR
19,Sanju,ET00063643,NCR
0,Kaala,ET00057686,BANG
1,Jurassic World: Fallen Kingdom,ET00058799,BANG
2,Veere Di Wedding,ET00042975,BANG
3,Parmanu: The Story of Pokhran,ET00058781,BANG
4,Raambo 2,ET00075633,BANG
5,Raazi,ET00059201,BANG
6,Mahanati,ET00054544,BANG
7,Deadpool 2,ET00049430,BANG
8,Avengers: Infinity War,ET00073462,BANG
9,Irumbuthirai,ET00068334,BANG
10,Abhimanyudu,ET00068740,BANG
11,102 Not Out,ET00037296,BANG
12,Naa Peru Surya Naa Illu India,ET00055830,BANG
13,Tagaru,ET00049201,BANG
14,Race 3,ET00063107,BANG
15,Appe Teacher,ET00072847,BANG
16,Blue Planet II: One Ocean & The Deep,ET00074653,BANG
17,Gultoo,ET00069612,BANG
18,B. Tech,ET00074103,BANG
19,Aravindante Athidhikal,ET00073895,BANG
20,Bharat Ane Nenu,ET00059033,BANG
21,2nd Half,ET00075749,BANG
22,Carry On Jatta 2 ,ET00020972,BANG
23,Shathaya Gathaya,ET00076087,BANG
24,Paddington 2,ET00057858,BANG
25,Wonder,ET00057695,BANG
26,Peter Rabbit,ET00062580,BANG
27,Raama Dhanya,ET00076007,BANG
28,Uma,ET00063261,BANG
29,Iruttu Araiyil Murattu Kuththu,ET00070719,BANG
30,Uncle,ET00064072,BANG
31,Shivu Paru,ET00075452,BANG
32,Coco,ET00052365,BANG
33,Rangasthalam,ET00058961,BANG
34,Neerdose,ET00022668,BANG
35,Hebbet Ramakka,ET00074491,BANG
36,Adarsha,ET00076769,BANG
37,Naa Nuvve,ET00068795,BANG
0,Kaala,ET00057686,HYD
1,Jurassic World: Fallen Kingdom,ET00058799,HYD
2,Abhimanyudu,ET00068740,HYD
3,Mahanati,ET00054544,HYD
4,Race 3,ET00063107,HYD
5,Veere Di Wedding,ET00042975,HYD
6,Parmanu: The Story of Pokhran,ET00058781,HYD
7,Ammammagarillu,ET00070902,HYD
8,Raazi,ET00059201,HYD
9,Deadpool 2,ET00049430,HYD
10,Nela Ticket,ET00071700,HYD
11,Bharat Ane Nenu,ET00059033,HYD
12,Avengers: Infinity War,ET00073462,HYD
13,Rajugadu,ET00075146,HYD
14,Rangasthalam,ET00058961,HYD
15,102 Not Out,ET00037296,HYD
16,Officer,ET00071682,HYD
17,Blue Planet II: One Ocean & The Deep,ET00074653,HYD
18, A Quiet Place,ET00065343,HYD
19,Sammohanam,ET00071484,HYD
20,Peter Rabbit,ET00062580,HYD
21,Pakki Herogiri,ET00053412,HYD
22,Uma,ET00063261,HYD
23,Ferdinand,ET00064155,HYD
24,Jumanji: Welcome To The Jungle,ET00067940,HYD
25,Naa Nuvve,ET00068795,HYD
26,Krina,ET00076854,HYD
27,Best Lovers,ET00077126,HYD
0,Jurassic World: Fallen Kingdom,ET00058799,AHD
1,Veere Di Wedding,ET00042975,AHD
2,Parmanu: The Story of Pokhran,ET00058781,AHD
3,Kaala,ET00057686,AHD
4,Raazi,ET00059201,AHD
5,102 Not Out,ET00037296,AHD
6,Vandha Villas,ET00066887,AHD
7,Deadpool 2,ET00049430,AHD
8,Avengers: Infinity War,ET00073462,AHD
9,Fera Feri Hera Feri,ET00073720,AHD
10,Pagalpanti,ET00076703,AHD
11,Toh Lagi Sharat,ET00076209,AHD
12,Chal Man Jeetva Jaiye,ET00066642,AHD
13,Reva,ET00071702,AHD
14,Blue Planet II: One Ocean & The Deep,ET00074653,AHD
15,Patni Nachave Bhagwan Bachave,ET00077189,AHD
16,Rampage,ET00073752,AHD
0,Carry On Jatta 2 ,ET00020972,CHD
1,Veere Di Wedding,ET00042975,CHD
2,Jurassic World: Fallen Kingdom,ET00058799,CHD
3,Parmanu: The Story of Pokhran,ET00058781,CHD
4,Raazi,ET00059201,CHD
5,Kaala,ET00057686,CHD
6,Race 3,ET00063107,CHD
7,Avengers: Infinity War,ET00073462,CHD
8,102 Not Out,ET00037296,CHD
0,Kaala,ET00057686,CHEN
1,Jurassic World: Fallen Kingdom,ET00058799,CHEN
2,Nadigaiyar Thilagam - Mahanadi,ET00072797,CHEN
3,Irumbuthirai,ET00068334,CHEN
4,Mersal,ET00058691,CHEN
5,Bhaskar Oru Rascal,ET00063008,CHEN
6,Oru Kuppai Kathai,ET00076086,CHEN
7,Veere Di Wedding,ET00042975,CHEN
8,Iravukku Aayiram Kangal,ET00055256,CHEN
9,Deadpool 2,ET00049430,CHEN
10,Sema,ET00059477,CHEN
11,Raazi,ET00059201,CHEN
12,Parmanu: The Story of Pokhran,ET00058781,CHEN
13,Bharat Ennum Naan,ET00076544,CHEN
14,Avengers: Infinity War,ET00073462,CHEN
15,Kaththi,ET00023580,CHEN
16,Race 3,ET00063107,CHEN
17,Theri,ET00036069,CHEN
18,Goli Soda 2,ET00064168,CHEN
19,Peter Rabbit,ET00062580,CHEN
20,Bairavaa,ET00046078,CHEN
0,Farzand,ET00072484,PUNE
1,Jurassic World: Fallen Kingdom,ET00058799,PUNE
2,Parmanu: The Story of Pokhran,ET00058781,PUNE
3,Veere Di Wedding,ET00042975,PUNE
4,Kaala,ET00057686,PUNE
5,Raazi,ET00059201,PUNE
6,Bucket List,ET00069206,PUNE
7,Deadpool 2,ET00049430,PUNE
8,AA BB KK,ET00076165,PUNE
9,102 Not Out,ET00037296,PUNE
10,Avengers: Infinity War,ET00073462,PUNE
11,Carry On Jatta 2 ,ET00020972,PUNE
12,Maska,ET00074828,PUNE
13,Blue Planet II: One Ocean & The Deep,ET00074653,PUNE
14,Pimpal,ET00076877,PUNE
15,Mahanati,ET00054544,PUNE
16,Land 1857,ET00077178,PUNE
17,Lagi Toh Chhagi,ET00075511,PUNE
18,Trushart ,ET00077180,PUNE
19,Krina,ET00076854,PUNE
20,Pani Bani ,ET00077245,PUNE
21,Veere Di Wedding (Exclusively For Women),ET00076785,PUNE
0,Jurassic World: Fallen Kingdom,ET00058799,KOLK
1,Uma,ET00063261,KOLK
2,Haami,ET00071832,KOLK
3,Veere Di Wedding,ET00042975,KOLK
4,Parmanu: The Story of Pokhran,ET00058781,KOLK
5,Raazi,ET00059201,KOLK
6,Kaala,ET00057686,KOLK
7,Race 3,ET00063107,KOLK
8,Guptodhoner Sondhane,ET00071045,KOLK
9,102 Not Out,ET00037296,KOLK
10,Rainbow Jelly,ET00075016,KOLK
11,Deadpool 2,ET00049430,KOLK
12,Avengers: Infinity War,ET00073462,KOLK
13,Book Club,ET00071873,KOLK
14,Oxygen,ET00075099,KOLK
15,Rangeela,ET00065328,KOLK
16,Racket,ET00076181,KOLK
0,Jurassic World: Fallen Kingdom,ET00058799,KOCH
1,Kaala,ET00057686,KOCH
2,Aravindante Athidhikal,ET00073895,KOCH
3,Raazi,ET00059201,KOCH
4,Veere Di Wedding,ET00042975,KOCH
5,B. Tech,ET00074103,KOCH
6,Parmanu: The Story of Pokhran,ET00058781,KOCH
7,Ee.Ma.Yau,ET00064076,KOCH
8,Kuttanpillayude Sivarathri,ET00073894,KOCH
9,Deadpool 2,ET00049430,KOCH
10,Irumbuthirai,ET00068334,KOCH
11,Sudani from Nigeria,ET00070630,KOCH
12, A Quiet Place,ET00065343,KOCH
13,Uncle,ET00064072,KOCH
14,Avengers: Infinity War,ET00073462,KOCH
15,Marubhoomiyile Mazhathullikal,ET00073620,KOCH
16,Kaamuki,ET00074216,KOCH
17,Chanakayathanthram,ET00073409,KOCH
18,Sreehalli,ET00061494,KOCH
0,Carry On Jatta 2 ,ET00020972,ABOR
1,Jurassic World: Fallen Kingdom,ET00058799,ABOR
2,Kaala,ET00057686,ABOR
3,Veere Di Wedding,ET00042975,ABOR
0,Kaala,ET00057686,ACHM
1,Nela Ticket,ET00071700,ACHM
0,Kaala,ET00057686,ADIL
1,Jurassic World: Fallen Kingdom,ET00058799,ADIL
2,Nela Ticket,ET00071700,ADIL
0,Kaala,ET00057686,AGAR
1,Parmanu: The Story of Pokhran,ET00058781,AGAR
2,Veere Di Wedding,ET00042975,AGAR
3,Jurassic World: Fallen Kingdom,ET00058799,AGAR
4,Raazi,ET00059201,AGAR
0,Jurassic World: Fallen Kingdom,ET00058799,AGRA
1,Veere Di Wedding,ET00042975,AGRA
2,Parmanu: The Story of Pokhran,ET00058781,AGRA
3,Kaala,ET00057686,AGRA
4,Raazi,ET00059201,AGRA
5,Race 3,ET00063107,AGRA
6,Aatankvadi,ET00054871,AGRA
7,Son Of Sardaar,ET00010105,AGRA
8,Damru,ET00073773,AGRA
9,Jurassic City,ET00030557,AGRA
10,ACP Shiva,ET00057487,AGRA
11,Krina,ET00076854,AGRA
0,Carry On Jatta 2 ,ET00020972,AHMG
0,Jurassic World: Fallen Kingdom,ET00058799,AJMER
1,Veere Di Wedding,ET00042975,AJMER
2,Kaala,ET00057686,AJMER
3,Parmanu: The Story of Pokhran,ET00058781,AJMER
4,Sabse Badhkar Hum 3,ET00073785,AJMER
0,Abhimanyudu,ET00068740,AKVD
0,Farzand,ET00072484,AKLJ
1,Kaala,ET00057686,AKLJ
2,Jurassic World: Fallen Kingdom,ET00058799,AKLJ
0,Farzand,ET00072484,AKOL
1,Jurassic World: Fallen Kingdom,ET00058799,AKOL
2,Kaala,ET00057686,AKOL
3,Veere Di Wedding,ET00042975,AKOL
4,Parmanu: The Story of Pokhran,ET00058781,AKOL
5,AA BB KK,ET00076165,AKOL
6,Hansel Vs Gretel Mohini Pisachi 2,ET00041012,AKOL
7,Unch Bharari,ET00077018,AKOL
8,Ashtavakra,ET00076003,AKOL
9,Race 3,ET00063107,AKOL
0,Farzand,ET00072484,TKOT
0,Kaala,ET00057686,ALNI
0,Jurassic World: Fallen Kingdom,ET00058799,ALI
1,Veere Di Wedding,ET00042975,ALI
2,Race 3,ET00063107,ALI
3,Parmanu: The Story of Pokhran,ET00058781,ALI
4,Kaala,ET00057686,ALI
5,The Past,ET00073510,ALI
0,Abhimanyudu,ET00068740,ALGD
1,Kaala,ET00057686,ALGD
0,Kaala,ET00057686,ALMO
1,Jurassic World: Fallen Kingdom,ET00058799,ALMO
2,Veere Di Wedding,ET00042975,ALMO
3,Parmanu: The Story of Pokhran,ET00058781,ALMO
0,Kaala,ET00057686,ADAM
0,Kaala,ET00057686,AMAP
1,Mahanati,ET00054544,AMAP
2,Ammammagarillu,ET00070902,AMAP
3,Bharat Ane Nenu,ET00059033,AMAP
4,Rajugadu,ET00075146,AMAP
0,Veer - Vivegam,ET00076132,AMLN
0,Carry On Jatta 2 ,ET00020972,AMB
1,Veere Di Wedding,ET00042975,AMB
2,Jurassic World: Fallen Kingdom,ET00058799,AMB
3,Race 3,ET00063107,AMB
4,Kaala,ET00057686,AMB
0,Veere Di Wedding,ET00042975,AMBI
1,Jurassic World: Fallen Kingdom,ET00058799,AMBI
2,Kaala,ET00057686,AMBI
3,Hogi Pyar Ki Jeet (Bhojpuri),ET00047740,AMBI
0,Kaala,ET00057686,AMBR
0,Parmanu: The Story of Pokhran,ET00058781,AMGN
0,Jurassic World: Fallen Kingdom,ET00058799,AMRA
1,Veere Di Wedding,ET00042975,AMRA
2,Parmanu: The Story of Pokhran,ET00058781,AMRA
3,Kaala,ET00057686,AMRA
4,Farzand,ET00072484,AMRA
5,AA BB KK,ET00076165,AMRA
6,Trushart ,ET00077180,AMRA
7,Race 3,ET00063107,AMRA
8,Pani Bani ,ET00077245,AMRA
0,Carry On Jatta 2 ,ET00020972,AMRI
1,Jurassic World: Fallen Kingdom,ET00058799,AMRI
2,Veere Di Wedding,ET00042975,AMRI
3,Parmanu: The Story of Pokhran,ET00058781,AMRI
4,Race 3,ET00063107,AMRI
5,Kaala,ET00057686,AMRI
0,Mahanati,ET00054544,ANKP
1,Rajugadu,ET00075146,ANKP
2,Kaala,ET00057686,ANKP
3,Abhimanyudu,ET00068740,ANKP
4,Ammammagarillu,ET00070902,ANKP
5,Jurassic World: Fallen Kingdom,ET00058799,ANKP
6,Nela Ticket,ET00071700,ANKP
7,Rangasthalam,ET00058961,ANKP
0,Jurassic World: Fallen Kingdom,ET00058799,AND
1,Parmanu: The Story of Pokhran,ET00058781,AND
2,Veere Di Wedding,ET00042975,AND
3,Kaala,ET00057686,AND
4,Vandha Villas,ET00066887,AND
5,Raazi,ET00059201,AND
6,Avengers: Infinity War,ET00073462,AND
0,Kaala,ET00057686,ANTT
0,Kaala,ET00057686,ANAN
0,Jurassic World: Fallen Kingdom,ET00058799,ANHL
1,Kaala,ET00057686,ANHL
0,Kaala,ET00057686,ANEK
0,Sreehalli,ET00061494,ANDM
0,Jurassic World: Fallen Kingdom,ET00058799,ANGA
1,Kaala,ET00057686,ANGA
2,Aravindante Athidhikal,ET00073895,ANGA
3,Ee.Ma.Yau,ET00064076,ANGA
4,B. Tech,ET00074103,ANGA
0,Kaala,ET00057686,ANGR
1,Ammammagarillu,ET00070902,ANGR
0,Jurassic World: Fallen Kingdom,ET00058799,ANGL
1,Kaala,ET00057686,ANGL
0,Parmanu: The Story of Pokhran,ET00058781,ANJA
0,Jurassic World: Fallen Kingdom,ET00058799,ANJR
1,Veere Di Wedding,ET00042975,ANJR
2,Kaala,ET00057686,ANJR
0,Krina,ET00076854,ANKV
0,Raambo 2,ET00075633,ANGI
0,Uma,ET00063261,AMBH
1,Chalbaaz,ET00073719,AMBH
0,Kaala,ET00057686,ARNT
0,Kaala,ET00057686,ARIY
0,Shathaya Gathaya,ET00076087,ARGU
1,Kaanoorayana,ET00074263,ARGU
0,Ammammagarillu,ET00070902,ARMO
0,Kaala,ET00057686,ARNI
1,Irumbuthirai,ET00068334,ARNI
0,Krishnarjuna Yuddham,ET00059786,ARSI
1,Raambo 2,ET00075633,ARSI
0,Jurassic World: Fallen Kingdom,ET00058799,ASANSOL
1,Parmanu: The Story of Pokhran,ET00058781,ASANSOL
2,Uma,ET00063261,ASANSOL
3,Veere Di Wedding,ET00042975,ASANSOL
4,Raazi,ET00059201,ASANSOL
5,Haami,ET00071832,ASANSOL
6,Kaala,ET00057686,ASANSOL
7,Racket,ET00076181,ASANSOL
8,Ami Toke Valobashi,ET00076725,ASANSOL
0,Kaala,ET00057686,AKMP
1,Race 3,ET00063107,AKMP
0,Mahanati,ET00054544,ASWA
0,Abhimanyudu,ET00068740,ATLI
1,Kaala,ET00057686,ATLI
2,Ammammagarillu,ET00070902,ATLI
0,Jurassic World: Fallen Kingdom,ET00058799,AURA
1,Farzand,ET00072484,AURA
2,Kaala,ET00057686,AURA
3,Parmanu: The Story of Pokhran,ET00058781,AURA
4,Raazi,ET00059201,AURA
5,Veere Di Wedding,ET00042975,AURA
6,Bucket List,ET00069206,AURA
7,AA BB KK,ET00076165,AURA
8,Pani Bani ,ET00077245,AURA
9,Race 3,ET00063107,AURA
10,Lagi Toh Chhagi,ET00075511,AURA
0,Enga Veettu Pillai (1965),ET00070052,AVII
1,Kaala,ET00057686,AVII
0,Kaala,ET00057686,AZMG
0,Raa Raa,ET00071262,BAMA
0,Kaala,ET00057686,BADN
0,Carry On Jatta 2 ,ET00020972,BADD
1,Kaala,ET00057686,BADD
2,Veere Di Wedding,ET00042975,BADD
0,Krina,ET00076854,BADA
0,Raazi,ET00059201,BADR
0,Kaala,ET00057686,BAGA
0,Kaala,ET00057686,BBHA
0,Jurassic World: Fallen Kingdom,ET00058799,BAHD
1,Parmanu: The Story of Pokhran,ET00058781,BAHD
2,Veere Di Wedding,ET00042975,BAHD
3,Kaala,ET00057686,BAHD
0,Veere Di Wedding,ET00042975,BHRH
0,Kaala,ET00057686,BAID
0,Kaala,ET00057686,BIAH
1,Race 3,ET00063107,BIAH
0,Kaala,ET00057686,BKTH
0,Naa Peru Surya Naa Illu India,ET00055830,BAND
0,Baaghi 2,ET00053840,BART
0,Jurassic World: Fallen Kingdom,ET00058799,BLGT
1,Parmanu: The Story of Pokhran,ET00058781,BLGT
2,Kaala,ET00057686,BLGT
3,Veere Di Wedding,ET00042975,BLGT
0,Parmanu: The Story of Pokhran,ET00058781,BALG
1,Kaala,ET00057686,BALG
0,Jurassic World: Fallen Kingdom,ET00058799,BLSR
1,Race 3,ET00063107,BLSR
2,Kaala,ET00057686,BLSR
3,4 Idiots ,ET00077361,BLSR
0,Kaala,ET00057686,BALD
0,Suhaag,ET00001347,BALO
0,Kaala,ET00057686,BLUR
0,Tor Bina,ET00076783,BALU
1,Kaala,ET00057686,BALU
0,Carry On Jatta 2 ,ET00020972,BNGA
1,Rubb Rakha,ET00076187,BNGA
0,Raambo 2,ET00075633,BAGT
0,Sundargarh Ra Salman Khan,ET00077327,BANK
0,Jurassic World: Fallen Kingdom,ET00058799,BANS
1,Kaala,ET00057686,BANS
2,Veere Di Wedding,ET00042975,BANS
3,Race 3,ET00063107,BANS
0,Kaala,ET00057686,BAPA
1,Rangasthalam,ET00058961,BAPA
0,Dashing Detective,ET00074486,BARK
0,Farzand,ET00072484,BARA
1,Kaala,ET00057686,BARA
2,Jurassic World: Fallen Kingdom,ET00058799,BARA
3,Veere Di Wedding,ET00042975,BARA
4,Parmanu: The Story of Pokhran,ET00058781,BARA
5,AA BB KK,ET00076165,BARA
6,Lagi Toh Chhagi,ET00075511,BARA
0,Kaala,ET00057686,BARN
0,Veere Di Wedding,ET00042975,BARE
1,Jurassic World: Fallen Kingdom,ET00058799,BARE
2,Parmanu: The Story of Pokhran,ET00058781,BARE
3,Raazi,ET00059201,BARE
4,Carry On Jatta 2 ,ET00020972,BARE
5,Kaala,ET00057686,BARE
6,Race 3,ET00063107,BARE
0,Kaala,ET00057686,BEJA
0,Jurassic World: Fallen Kingdom,ET00058799,BARG
1,Kaala,ET00057686,BARG
2,Race 3,ET00063107,BARG
0,Jurassic World: Fallen Kingdom,ET00058799,BARI
1,Kaala,ET00057686,BARI
0,Kaala,ET00057686,BARM
0,Carry On Jatta 2 ,ET00020972,BAR
1,Jurassic World: Fallen Kingdom,ET00058799,BAR
2,Veere Di Wedding,ET00042975,BAR
3,Kaala,ET00057686,BAR
0,Kaala,ET00057686,BRWN
0,Carry On Jatta 2 ,ET00020972,BHAT
1,Veere Di Wedding,ET00042975,BHAT
2,Jurassic World: Fallen Kingdom,ET00058799,BHAT
3,Kaala,ET00057686,BHAT
4,Race 3,ET00063107,BHAT
0,Kaala,ET00057686,BTGD
0,Jurassic World: Fallen Kingdom,ET00058799,BEAW
1,Veere Di Wedding,ET00042975,BEAW
2,Kaala,ET00057686,BEAW
0,Neerdose,ET00022668,BLVD
0,Kaala,ET00057686,BELL
1,Ammammagarillu,ET00070902,BELL
0,Mahanati,ET00054544,BLRY
1,Rangasthalam,ET00058961,BLRY
2,Veere Di Wedding,ET00042975,BLRY
3,Nela Ticket,ET00071700,BLRY
4,Race 3,ET00063107,BLRY
0,Raambo 2,ET00075633,BELU
0,Mai Phir Aaungi ,ET00074345,BRAC
0,Jurassic World: Fallen Kingdom,ET00058799,BEHA
1,Uma,ET00063261,BEHA
2,Haami,ET00071832,BEHA
3,Veere Di Wedding,ET00042975,BEHA
4,Kaala,ET00057686,BEHA
0,Jurassic World: Fallen Kingdom,ET00058799,BERP
1,Kaala,ET00057686,BERP
2,Parmanu: The Story of Pokhran,ET00058781,BERP
3,Sundargarh Ra Salman Khan,ET00077327,BERP
4,4 Idiots ,ET00077361,BERP
5,Race 3,ET00063107,BERP
0,Jurassic World: Fallen Kingdom,ET00058799,BHDR
0,Kaala,ET00057686,BDVT
1,Raambo 2,ET00075633,BDVT
2,Mahanati,ET00054544,BDVT
0,Kaala,ET00057686,BHAN
0,Kaala,ET00057686,BHAA
0,Johnny Johnny Yes Papa,ET00072957,BASA
0,Jurassic World: Fallen Kingdom,ET00058799,BHAR
1,Kaala,ET00057686,BHAR
2,Parmanu: The Story of Pokhran,ET00058781,BHAR
3,Veere Di Wedding,ET00042975,BHAR
0,Jurassic World: Fallen Kingdom,ET00058799,BTAP
1,Kaala,ET00057686,BTAP
2,Veere Di Wedding,ET00042975,BTAP
0,Bharat Ane Nenu,ET00059033,BAKL
1,Kaala,ET00057686,BAKL
0,Kaala,ET00057686,BATT
0,Jurassic World: Fallen Kingdom,ET00058799,BHNG
1,Kaala,ET00057686,BHNG
2,Veere Di Wedding,ET00042975,BHNG
3,Parmanu: The Story of Pokhran,ET00058781,BHNG
4,Vandha Villas,ET00066887,BHNG
5,Raazi,ET00059201,BHNG
6,Oxygen,ET00075099,BHNG
7,Bhavesh Joshi Superhero,ET00043575,BHNG
0,Kaala,ET00057686,BHMG
0,Jurassic World: Fallen Kingdom,ET00058799,BHILAI
1,Parmanu: The Story of Pokhran,ET00058781,BHILAI
2,Veere Di Wedding,ET00042975,BHILAI
3,Raazi,ET00059201,BHILAI
4,Kaala,ET00057686,BHILAI
5,Race 3,ET00063107,BHILAI
0,Kaala,ET00057686,BMDE
0,Mahanati,ET00054544,BHIM
1,Jurassic World: Fallen Kingdom,ET00058799,BHIM
0,Veere Di Wedding,ET00042975,BHWN
1,Jurassic World: Fallen Kingdom,ET00058799,BHWN
2,Carry On Jatta 2 ,ET00020972,BHWN
0,Jurassic World: Fallen Kingdom,ET00058799,BHOP
1,Veere Di Wedding,ET00042975,BHOP
2,Parmanu: The Story of Pokhran,ET00058781,BHOP
3,Raazi,ET00059201,BHOP
4,Kaala,ET00057686,BHOP
5,Deadpool 2,ET00049430,BHOP
6,102 Not Out,ET00037296,BHOP
7,Race 3,ET00063107,BHOP
0,Jurassic World: Fallen Kingdom,ET00058799,BHUB
1,Kaala,ET00057686,BHUB
2,Veere Di Wedding,ET00042975,BHUB
3,Parmanu: The Story of Pokhran,ET00058781,BHUB
4,Race 3,ET00063107,BHUB
5,Raazi,ET00059201,BHUB
6,Love Promise,ET00075830,BHUB
7,Dewana Heli To Pai ,ET00073996,BHUB
8,Sundargarh Ra Salman Khan,ET00077327,BHUB
0,Kaala,ET00057686,BHUJ
0,Veere Di Wedding,ET00042975,BHUN
0,Abhimanyudu,ET00068740,BHUP
0,Farzand,ET00072484,BHUS
0,Abhimanyudu,ET00068740,BHUV
0,Jurassic World: Fallen Kingdom,ET00058799,GOA
1,Veere Di Wedding,ET00042975,GOA
2,Parmanu: The Story of Pokhran,ET00058781,GOA
3,Kaala,ET00057686,GOA
4,Raazi,ET00059201,GOA
5,Bucket List,ET00069206,GOA
6,AA BB KK,ET00076165,GOA
0,Rangasthalam,ET00058961,BIDI
0,Jurassic World: Fallen Kingdom,ET00058799,BIJ
1,Veere Di Wedding,ET00042975,BIJ
2,Kaala,ET00057686,BIJ
0,Jurassic World: Fallen Kingdom,ET00058799,BIK
1,Veere Di Wedding,ET00042975,BIK
2,Kaala,ET00057686,BIK
3,Race 3,ET00063107,BIK
0,Maai Re Maai Hamara Uhe Laiki Chahi,ET00077339,BANJ
0,Raazi,ET00059201,BILR
0,Jurassic World: Fallen Kingdom,ET00058799,BILA
1,Kaala,ET00057686,BILA
2,Veere Di Wedding,ET00042975,BILA
3,Raazi,ET00059201,BILA
4,Parmanu: The Story of Pokhran,ET00058781,BILA
5,Race 3,ET00063107,BILA
0,Raama Dhanya,ET00076007,BILG
0,Kaala,ET00057686,BILI
1,Veere Di Wedding,ET00042975,BILI
0,Wanted (Bhojpuri),ET00074287,BIRL
0,Kaala,ET00057686,BSRM
0,Irumbuthirai,ET00068334,BODI
0,Jurassic World: Fallen Kingdom,ET00058799,BOKA
1,Parmanu: The Story of Pokhran,ET00058781,BOKA
2,Veere Di Wedding,ET00042975,BOKA
3,Raazi,ET00059201,BOKA
4,Kaala,ET00057686,BOKA
5,Race 3,ET00063107,BOKA
0,Jurassic World: Fallen Kingdom,ET00058799,BLPR
1,Uma,ET00063261,BLPR
2,Race 3,ET00063107,BLPR
0,Jurassic World: Fallen Kingdom,ET00058799,BONG
1,Race 3,ET00063107,BONG
2,Veere Di Wedding,ET00042975,BONG
3,Kaala,ET00057686,BONG
0,Kaala,ET00057686,BJNG
0,Jurassic World: Fallen Kingdom,ET00058799,BULA
1,Veere Di Wedding,ET00042975,BULA
2,Parmanu: The Story of Pokhran,ET00058781,BULA
3,Kaala,ET00057686,BULA
0,Jurassic World: Fallen Kingdom,ET00058799,BURD
1,Uma,ET00063261,BURD
2,Haami,ET00071832,BURD
3,Veere Di Wedding,ET00042975,BURD
4,Kaala,ET00057686,BURD
5,Parmanu: The Story of Pokhran,ET00058781,BURD
6,Race 3,ET00063107,BURD
0,Jurassic World: Fallen Kingdom,ET00058799,BRHP
1,Kaala,ET00057686,BRHP
2,Veere Di Wedding,ET00042975,BRHP
3,Race 3,ET00063107,BRHP
0,Kaala,ET00057686,BYAD
1,Buckaasuura,ET00072306,BYAD
0,Abhimanyudu,ET00068740,CHAG
0,Trushart ,ET00077180,CHLS
1,Veere Di Wedding,ET00042975,CHLS
0,Nela Ticket,ET00071700,CHLA
1,Raambo 2,ET00075633,CHLA
0,Jurassic World: Fallen Kingdom,ET00058799,CHAP
0,Raambo 2,ET00075633,CHAJ
1,Shivu Paru,ET00075452,CHAJ
0,Kaala,ET00057686,CHAM
1,Jurassic World: Fallen Kingdom,ET00058799,CHAM
2,Veere Di Wedding,ET00042975,CHAM
0,Kaala,ET00057686,CHAD
0,Baaghi 2,ET00053840,CKNA
0,Jurassic World: Fallen Kingdom,ET00058799,CHAN
1,Kaala,ET00057686,CHAN
2,Race 3,ET00063107,CHAN
0,Jurassic World: Fallen Kingdom,ET00058799,CNSY
1,Kaala,ET00057686,CNSY
2,Aravindante Athidhikal,ET00073895,CNSY
3,B. Tech,ET00074103,CNSY
0,Raambo 2,ET00075633,CHGI
0,Kaala,ET00057686,CPTN
0,Abhimanyudu,ET00068740,CHEE
1,Jurassic World: Fallen Kingdom,ET00058799,CHEE
0,Kaala,ET00057686,CHRY
0,Kaala,ET00057686,CHRL
0,Mahanati,ET00054544,CHEV
0,Jurassic World: Fallen Kingdom,ET00058799,CHHT
1,Veere Di Wedding,ET00042975,CHHT
2,Kaala,ET00057686,CHHT
3,Race 3,ET00063107,CHHT
4,Krina,ET00076854,CHHT
0,Kaala,ET00057686,CHKA
1,Jurassic World: Fallen Kingdom,ET00058799,CHKA
0,Kaala,ET00057686,CHID
1,Irumbuthirai,ET00068334,CHID
0,Kaala,ET00057686,CHIH
1,Veere Di Wedding,ET00042975,CHIH
2,AA BB KK,ET00076165,CHIH
3,Farzand,ET00072484,CHIH
0,Rajugadu,ET00075146,CHIK
0,Seizer ,ET00025557,CHOK
0,Naa Peru Surya Naa Illu India,ET00055830,CHIL
0,Kaala,ET00057686,CHTN
0,Abhimanyudu,ET00068740,CHIR
1,Rangasthalam,ET00058961,CHIR
0,Neerdose,ET00022668,CHIT
1,Raambo 2,ET00075633,CHIT
0,Rajugadu,ET00075146,CDVM
1,Jurassic World: Fallen Kingdom,ET00058799,CDVM
2,Kaala,ET00057686,CDVM
0,Kaala,ET00057686,COIM
1,Jurassic World: Fallen Kingdom,ET00058799,COIM
2,Irumbuthirai,ET00068334,COIM
3,Nadigaiyar Thilagam - Mahanadi,ET00072797,COIM
4,Bhaskar Oru Rascal,ET00063008,COIM
5,Iravukku Aayiram Kangal,ET00055256,COIM
6,Veere Di Wedding,ET00042975,COIM
7,Oru Kuppai Kathai,ET00076086,COIM
8,Parmanu: The Story of Pokhran,ET00058781,COIM
9,Iruttu Araiyil Murattu Kuththu,ET00070719,COIM
0,Kaala,ET00057686,CUDD
0,Jurassic World: Fallen Kingdom,ET00058799,CUTT
1,Kaala,ET00057686,CUTT
2,Veere Di Wedding,ET00042975,CUTT
3,Race 3,ET00063107,CUTT
4,Parmanu: The Story of Pokhran,ET00058781,CUTT
5,Sundargarh Ra Salman Khan,ET00077327,CUTT
6,Jhia Ta Bigidi Gala,ET00043946,CUTT
0,Krina,ET00076854,DABR
0,Parmanu: The Story of Pokhran,ET00058781,DHGM
1,Veere Di Wedding,ET00042975,DHGM
2,Jurassic World: Fallen Kingdom,ET00058799,DHGM
3,Kaala,ET00057686,DHGM
0,Veere Di Wedding,ET00042975,DAMO
1,Parmanu: The Story of Pokhran,ET00058781,DAMO
0,Kaala,ET00057686,DARB
0,Kaala,ET00057686,DRLA
0,Officer,ET00071682,DARS
1,Abhimanyudu,ET00068740,DARS
0,Carry On Jatta 2 ,ET00020972,DASU
1,Rubb Rakha,ET00076187,DASU
0,Krina,ET00076854,DAUS
0,Jurassic World: Fallen Kingdom,ET00058799,DAVA
1,Raambo 2,ET00075633,DAVA
2,Veere Di Wedding,ET00042975,DAVA
3,Parmanu: The Story of Pokhran,ET00058781,DAVA
4,Tagaru,ET00049201,DAVA
5,Rathaavara,ET00036006,DAVA
6,Shivu Paru,ET00075452,DAVA
0,Kaala,ET00057686,DVLR
0,Parmanu: The Story of Pokhran,ET00058781,DEES
1,Veere Di Wedding,ET00042975,DEES
2,Tu Maro Chello Love,ET00077243,DEES
3,Kaala,ET00057686,DEES
0,Jurassic World: Fallen Kingdom,ET00058799,DEH
1,Veere Di Wedding,ET00042975,DEH
2,Raazi,ET00059201,DEH
3,Parmanu: The Story of Pokhran,ET00058781,DEH
4,Carry On Jatta 2 ,ET00020972,DEH
5,Kaala,ET00057686,DEH
6,Race 3,ET00063107,DEH
0,Kaala,ET00057686,DEVD
1,Johnny Johnny Yes Papa,ET00072957,DEVD
0,Kaala,ET00057686,DEVR
0,Kaala,ET00057686,DVRL
0,Veere Di Wedding,ET00042975,DEGA
1,Kaala,ET00057686,DEGA
0,Jurassic World: Fallen Kingdom,ET00058799,DEWAS
1,Veere Di Wedding,ET00042975,DEWAS
2,Kaala,ET00057686,DEWAS
0,Kaala,ET00057686,DMND
0,Kaala,ET00057686,DHPR
0,Jurassic World: Fallen Kingdom,ET00058799,DHMT
1,Kaala,ET00057686,DHMT
2,Krina,ET00076854,DHMT
0,Jurassic World: Fallen Kingdom,ET00058799,DHAN
1,Veere Di Wedding,ET00042975,DHAN
2,Parmanu: The Story of Pokhran,ET00058781,DHAN
3,Race 3,ET00063107,DHAN
4,Kaala,ET00057686,DHAN
5,Raazi,ET00059201,DHAN
0,Krina,ET00076854,DARH
1,Kaala,ET00057686,DARH
0,Carry On Jatta 2 ,ET00020972,DMSL
1,Jurassic World: Fallen Kingdom,ET00058799,DMSL
2,Veere Di Wedding,ET00042975,DMSL
3,Kaala,ET00057686,DMSL
0,Kaala,ET00057686,DHAR
1,Jurassic World: Fallen Kingdom,ET00058799,DHAR
0,Kaala,ET00057686,DMPI
0,Jurassic World: Fallen Kingdom,ET00058799,DDMA
1,Nela Ticket,ET00071700,DDMA
2,Abhimanyudu,ET00068740,DDMA
3,Mahanati,ET00054544,DDMA
0,Kaala,ET00057686,DPLL
0,Jurassic World: Fallen Kingdom,ET00058799,DHRA
1,Veere Di Wedding,ET00042975,DHRA
2,Kaala,ET00057686,DHRA
3,Carry On Jatta 2 ,ET00020972,DHRA
0,Jurassic World: Fallen Kingdom,ET00058799,DHAW
0,Jurassic World: Fallen Kingdom,ET00058799,DHLE
1,Kaala,ET00057686,DHLE
2,Farzand,ET00072484,DHLE
0,Baaghi 2,ET00053840,DHAA
0,Carry On Jatta 2 ,ET00020972,DHRI
1,Jurassic World: Fallen Kingdom,ET00058799,DHRI
2,Veere Di Wedding,ET00042975,DHRI
0,Kaala,ET00057686,DIGR
0,Jurassic World: Fallen Kingdom,ET00058799,DMPR
1,Kaala,ET00057686,DMPR
0,Kaala,ET00057686,DIND
1,Jurassic World: Fallen Kingdom,ET00058799,DIND
2,Irumbuthirai,ET00068334,DIND
3,Oru Kuppai Kathai,ET00076086,DIND
0,Ami Toke Valobashi,ET00076725,DMKL
0,Veer - Vivegam,ET00076132,DONG
1,Veere Di Wedding,ET00042975,DONG
0,Kaala,ET00057686,DORN
0,Nela Ticket,ET00071700,DAKR
0,Action Queen Madhubala,ET00072321,DUBR
0,Jurassic World: Fallen Kingdom,ET00058799,DURG
1,Parmanu: The Story of Pokhran,ET00058781,DURG
2,Veere Di Wedding,ET00042975,DURG
3,Kaala,ET00057686,DURG
4,Race 3,ET00063107,DURG
0,Jurassic World: Fallen Kingdom,ET00058799,DURGA
1,Haami,ET00071832,DURGA
2,Veere Di Wedding,ET00042975,DURGA
3,Parmanu: The Story of Pokhran,ET00058781,DURGA
4,Uma,ET00063261,DURGA
5,Raazi,ET00059201,DURGA
6,Kaala,ET00057686,DURGA
0,Mahanati,ET00054544,ELRU
1,Abhimanyudu,ET00068740,ELRU
2,Jurassic World: Fallen Kingdom,ET00058799,ELRU
3,Naa Peru Surya Naa Illu India,ET00055830,ELRU
4,Rajugadu,ET00075146,ELRU
5,Bharat Ane Nenu,ET00059033,ELRU
6,Ammammagarillu,ET00070902,ELRU
7,Rangasthalam,ET00058961,ELRU
0,Kaala,ET00057686,EROD
1,Jurassic World: Fallen Kingdom,ET00058799,EROD
2,Irumbuthirai,ET00068334,EROD
3,Iruttu Araiyil Murattu Kuththu,ET00070719,EROD
0,Jurassic World: Fallen Kingdom,ET00058799,ETWH
1,Kaala,ET00057686,ETWH
2,Veere Di Wedding,ET00042975,ETWH
0,Ee.Ma.Yau,ET00064076,ETTU
0,Kaala,ET00057686,ETNR
0,Parmanu: The Story of Pokhran,ET00058781,FATE
0,Carry On Jatta 2 ,ET00020972,FAKA
1,Jurassic World: Fallen Kingdom,ET00058799,FAKA
0,Carry On Jatta 2 ,ET00020972,FRZR
1,Jurassic World: Fallen Kingdom,ET00058799,FRZR
2,Veere Di Wedding,ET00042975,FRZR
3,Kaala,ET00057686,FRZR
0,Yeh Ishq Bada Bedardi Hai,ET00076540,FORB
0,Shathaya Gathaya,ET00076087,GADG
1,Baaghi 2,ET00053840,GADG
2,Raambo 2,ET00075633,GADG
0,Kaala,ET00057686,GDWR
1,Jurassic World: Fallen Kingdom,ET00058799,GDWR
0,Parmanu: The Story of Pokhran,ET00058781,GDRO
0,Officer,ET00071682,GJPT
0,Officer,ET00071682,GJGH
0,Kaala,ET00057686,GAJW
0,Kaala,ET00057686,GANP
0,Jurassic World: Fallen Kingdom,ET00058799,GDHAM
1,Veere Di Wedding,ET00042975,GDHAM
2,Kaala,ET00057686,GDHAM
3,Parmanu: The Story of Pokhran,ET00058781,GDHAM
4,Vandha Villas,ET00066887,GDHAM
0,Jurassic World: Fallen Kingdom,ET00058799,GNAGAR
1,Parmanu: The Story of Pokhran,ET00058781,GNAGAR
2,Kaala,ET00057686,GNAGAR
3,Veere Di Wedding,ET00042975,GNAGAR
4,Raazi,ET00059201,GNAGAR
5,Vandha Villas,ET00066887,GNAGAR
0,Jurassic World: Fallen Kingdom,ET00058799,GAVT
1,Kaala,ET00057686,GAVT
2,Abhimanyudu,ET00068740,GAVT
3,Shathaya Gathaya,ET00076087,GAVT
4,Neerdose,ET00022668,GAVT
0,Raazi,ET00059201,GANJ
0,Abhimanyudu,ET00068740,GANN
0,Kaala,ET00057686,GAUR
0,Jurassic World: Fallen Kingdom,ET00058799,GAYA
1,Kaala,ET00057686,GAYA
2,Parmanu: The Story of Pokhran,ET00058781,GAYA
3,Dulhin Ganga Paar Ke,ET00073401,GAYA
0,Jurassic World: Fallen Kingdom,ET00058799,GOBI
1,Kaala,ET00057686,GOBI
0,Shathaya Gathaya,ET00076087,GKGK
0,Jurassic World: Fallen Kingdom,ET00058799,GNDA
1,Veere Di Wedding,ET00042975,GNDA
2,Parmanu: The Story of Pokhran,ET00058781,GNDA
3,Kaala,ET00057686,GNDA
4,Pani Bani ,ET00077245,GNDA
5,Krina,ET00076854,GNDA
0,Kaala,ET00057686,GOPG
0,Kaala,ET00057686,GOPA
0,Jurassic World: Fallen Kingdom,ET00058799,GRKP
1,Veere Di Wedding,ET00042975,GRKP
2,Parmanu: The Story of Pokhran,ET00058781,GRKP
3,Race 3,ET00063107,GRKP
4,Kaala,ET00057686,GRKP
5,Raazi,ET00059201,GRKP
0,Krishnarjuna Yuddham,ET00059786,GORA
0,Parmanu: The Story of Pokhran,ET00058781,GTGN
0,Kaala,ET00057686,GUDI
1,Mahanati,ET00054544,GUDI
0,Kaala,ET00057686,GDTM
1,Jurassic World: Fallen Kingdom,ET00058799,GDTM
0,Krina,ET00076854,GULL
1,Race 3,ET00063107,GULL
0,Veere Di Wedding,ET00042975,GUNA
1,Jurassic World: Fallen Kingdom,ET00058799,GUNA
2,Kaala,ET00057686,GUNA
0,Kaala,ET00057686,GUNL
1,Nela Ticket,ET00071700,GUNL
2,Jurassic World: Fallen Kingdom,ET00058799,GUNL
0,Abhimanyudu,ET00068740,GUNT
1,Jurassic World: Fallen Kingdom,ET00058799,GUNT
2,Kaala,ET00057686,GUNT
3,Mahanati,ET00054544,GUNT
4,Nela Ticket,ET00071700,GUNT
5,Ammammagarillu,ET00070902,GUNT
6,Bharat Ane Nenu,ET00059033,GUNT
7,Rangasthalam,ET00058961,GUNT
8,Parmanu: The Story of Pokhran,ET00058781,GUNT
9,Veere Di Wedding,ET00042975,GUNT
10,Mehbooba,ET00073071,GUNT
11,Naa Nuvve,ET00068795,GUNT
12,Sammohanam,ET00071484,GUNT
0,Drishtikone,ET00063259,GRAP
0,Jurassic World: Fallen Kingdom,ET00058799,GUW
1,Veere Di Wedding,ET00042975,GUW
2,Parmanu: The Story of Pokhran,ET00058781,GUW
3,Race 3,ET00063107,GUW
4,Kaala,ET00057686,GUW
5,Raazi,ET00059201,GUW
6,Tarzan - The He Man,ET00072307,GUW
0,Raambo 2,ET00075633,HHGG
0,Jurassic World: Fallen Kingdom,ET00058799,HAJI
1,Parmanu: The Story of Pokhran,ET00058781,HAJI
2,Veere Di Wedding,ET00042975,HAJI
3,Kaala,ET00057686,HAJI
0,Jurassic World: Fallen Kingdom,ET00058799,HALD
1,Veere Di Wedding,ET00042975,HALD
2,Parmanu: The Story of Pokhran,ET00058781,HALD
3,Kaala,ET00057686,HALD
4,Raazi,ET00059201,HALD
5,Race 3,ET00063107,HALD
0,Kaala,ET00057686,HALI
0,Kaala,ET00057686,HALO
1,Parmanu: The Story of Pokhran,ET00058781,HALO
0,Kaala,ET00057686,HRDA
0,Kaala,ET00057686,HRDI
0,Jaal,ET00076768,HARI
0,Jurassic World: Fallen Kingdom,ET00058799,HRDR
1,Veere Di Wedding,ET00042975,HRDR
2,Parmanu: The Story of Pokhran,ET00058781,HRDR
3,Raazi,ET00059201,HRDR
4,Kaala,ET00057686,HRDR
5,Race 3,ET00063107,HRDR
6,Carry On Jatta 2 ,ET00020972,HRDR
7,102 Not Out,ET00037296,HRDR
8,Baaghi 2,ET00053840,HRDR
0,Raambo 2,ET00075633,HRRR
1,Kaala,ET00057686,HRRR
0,Kaala,ET00057686,HRPD
1,Kuttanpillayude Sivarathri,ET00073894,HRPD
2,B. Tech,ET00074103,HRPD
3,Aravindante Athidhikal,ET00073895,HRPD
0,Kaala,ET00057686,HARU
0,Krina,ET00076854,HANS
0,Kaala,ET00057686,HAZA
1,Yeh Ishq Bada Bedardi Hai,ET00076540,HAZA
2,Tarzan - The He Man,ET00072307,HAZA
0,Abhimanyudu,ET00068740,HNDP
1,Rangasthalam,ET00058961,HNDP
0,Jurassic World: Fallen Kingdom,ET00058799,HING
0,Kaala,ET00057686,HIRA
0,Raambo 2,ET00075633,HIRE
0,Tagaru,ET00049201,HIRI
0,Carry On Jatta 2 ,ET00020972,HISR
1,Jurassic World: Fallen Kingdom,ET00058799,HISR
2,Veere Di Wedding,ET00042975,HISR
3,Kaala,ET00057686,HISR
4,Race 3,ET00063107,HISR
0,Raambo 2,ET00075633,HOLE
0,Kaala,ET00057686,HNVR
0,Uma,ET00063261,HOOG
1,Jurassic World: Fallen Kingdom,ET00058799,HOOG
2,Haami,ET00071832,HOOG
3,Kaala,ET00057686,HOOG
4,Raazi,ET00059201,HOOG
5,Veere Di Wedding,ET00042975,HOOG
6,Race 3,ET00063107,HOOG
0,Carry On Jatta 2 ,ET00020972,HOSH
1,Jurassic World: Fallen Kingdom,ET00058799,HOSH
2,Veere Di Wedding,ET00042975,HOSH
3,Kaala,ET00057686,HOSH
4,Rubb Rakha,ET00076187,HOSH
0,Johnny Johnny Yes Papa,ET00072957,HOSP
0,Raambo 2,ET00075633,HNGN
0,Bhootayyana Mommaga Ayyu,ET00063887,HUSR
0,Raambo 2,ET00075633,HULI
0,Abhimanyudu,ET00068740,ICPR
1,Kaala,ET00057686,ICPR
0,Irumbuthirai,ET00068334,IDPI
0,Kuttanpillayude Sivarathri,ET00073894,IDKI
0,Rangasthalam,ET00058961,IEEJ
0,Farzand,ET00072484,INDA
1,Kaala,ET00057686,INDA
2,AA BB KK,ET00076165,INDA
0,Yaar Yaaro Ghorimele,ET00076315,IIND
0,Jurassic World: Fallen Kingdom,ET00058799,IND
1,Veere Di Wedding,ET00042975,IND
2,Parmanu: The Story of Pokhran,ET00058781,IND
3,Raazi,ET00059201,IND
4,Kaala,ET00057686,IND
5,Race 3,ET00063107,IND
6,Krina,ET00076854,IND
0,Kaala,ET00057686,IDPA
0,Jurassic World: Fallen Kingdom,ET00058799,IRNK
1,Kaala,ET00057686,IRNK
0,Parmanu: The Story of Pokhran,ET00058781,ITAR
0,Abhimanyudu,ET00068740,JADC
1,Nela Ticket,ET00071700,JADC
2,Kaala,ET00057686,JADC
3,Naa Peru Surya Naa Illu India,ET00055830,JADC
0,Kaala,ET00057686,JAGA
0,Racket,ET00076181,JGDL
0,Jurassic World: Fallen Kingdom,ET00058799,JAGD
1,Kaala,ET00057686,JAGD
2,Race 3,ET00063107,JAGD
0,Kaala,ET00057686,JAGG
0,Kaala,ET00057686,JGGY
0,Jurassic World: Fallen Kingdom,ET00058799,JGTL
1,Abhimanyudu,ET00068740,JGTL
2,Rajugadu,ET00075146,JGTL
3,Race 3,ET00063107,JGTL
0,Jurassic World: Fallen Kingdom,ET00058799,JAIP
1,Veere Di Wedding,ET00042975,JAIP
2,Parmanu: The Story of Pokhran,ET00058781,JAIP
3,Raazi,ET00059201,JAIP
4,Kaala,ET00057686,JAIP
5,Race 3,ET00063107,JAIP
6,Pakdam Pakdai Doggy Don In Egypt,ET00076781,JAIP
0,Kaala,ET00057686,JSMR
1,Race 3,ET00063107,JSMR
0,Carry On Jatta 2 ,ET00020972,JLAB
1,Rubb Rakha,ET00076187,JLAB
0,Carry On Jatta 2 ,ET00020972,JALA
1,Jurassic World: Fallen Kingdom,ET00058799,JALA
2,Veere Di Wedding,ET00042975,JALA
3,Parmanu: The Story of Pokhran,ET00058781,JALA
4,Raazi,ET00059201,JALA
5,Kaala,ET00057686,JALA
6,Race 3,ET00063107,JALA
0,Kaala,ET00057686,JAUN
0,Jurassic World: Fallen Kingdom,ET00058799,JALG
1,Farzand,ET00072484,JALG
2,Veere Di Wedding,ET00042975,JALG
3,Parmanu: The Story of Pokhran,ET00058781,JALG
4,Kaala,ET00057686,JALG
5,Bucket List,ET00069206,JALG
6,AA BB KK,ET00076165,JALG
0,Kaala,ET00057686,JALN
0,Kaala,ET00057686,JAMK
1,AA BB KK,ET00076165,JAMK
2,Farzand,ET00072484,JAMK
0,Kaala,ET00057686,JAMD
0,Kaala,ET00057686,JMKN
0,Jurassic World: Fallen Kingdom,ET00058799,JAM
1,Veere Di Wedding,ET00042975,JAM
2,Parmanu: The Story of Pokhran,ET00058781,JAM
3,Kaala,ET00057686,JAM
4,Raazi,ET00059201,JAM
0,Veer - Vivegam,ET00076132,JAMN
0,Jurassic World: Fallen Kingdom,ET00058799,JMDP
1,Veere Di Wedding,ET00042975,JMDP
2,Kaala,ET00057686,JMDP
3,Race 3,ET00063107,JMDP
4,Parmanu: The Story of Pokhran,ET00058781,JMDP
5,Raazi,ET00059201,JMDP
6,Uma,ET00063261,JMDP
7,Haami,ET00071832,JMDP
0,Jurassic World: Fallen Kingdom,ET00058799,JNGN
0,Jurassic World: Fallen Kingdom,ET00058799,JANR
1,Kaala,ET00057686,JANR
0,Veer - Vivegam,ET00076132,JASD
1,Kaala,ET00057686,JASD
0,Kaala,ET00057686,JATN
0,Kaala,ET00057686,JANP
0,Kaala,ET00057686,JEHA
0,Kaala,ET00057686,JETP
1,Parmanu: The Story of Pokhran,ET00058781,JETP
2,Veere Di Wedding,ET00042975,JETP
0,Jurassic World: Fallen Kingdom,ET00058799,JEYP
1,Kaala,ET00057686,JEYP
0,Veere Di Wedding,ET00042975,JNSI
1,Jurassic World: Fallen Kingdom,ET00058799,JNSI
2,Kaala,ET00057686,JNSI
0,Jurassic World: Fallen Kingdom,ET00058799,JRSG
1,Kaala,ET00057686,JRSG
2,Race 3,ET00063107,JRSG
3,Parmanu: The Story of Pokhran,ET00058781,JRSG
4,Veere Di Wedding,ET00042975,JRSG
5,4 Idiots ,ET00077361,JRSG
0,Uma,ET00063261,JAGJ
0,Jurassic World: Fallen Kingdom,ET00058799,JODH
1,Veere Di Wedding,ET00042975,JODH
2,Parmanu: The Story of Pokhran,ET00058781,JODH
3,Kaala,ET00057686,JODH
0,Jurassic World: Fallen Kingdom,ET00058799,JORT
1,Veere Di Wedding,ET00042975,JORT
2,Kaala,ET00057686,JORT
0,Jurassic World: Fallen Kingdom,ET00058799,JUGH
1,Kaala,ET00057686,JUGH
2,Parmanu: The Story of Pokhran,ET00058781,JUGH
3,Veere Di Wedding,ET00042975,JUGH
0,Kaala,ET00057686,KDPA
1,Abhimanyudu,ET00068740,KDPA
2,Nela Ticket,ET00071700,KDPA
3,Officer,ET00071682,KDPA
0,Veere Di Wedding,ET00042975,KADI
1,Kaala,ET00057686,KADI
2,Parmanu: The Story of Pokhran,ET00058781,KADI
3,Patni Nachave Bhagwan Bachave,ET00077189,KADI
4,Vandha Villas,ET00066887,KADI
0,Abhimanyudu,ET00068740,KADR
0,Kaala,ET00057686,KADT
0,Kaala,ET00057686,KAIK
0,Carry On Jatta 2 ,ET00020972,KAIT
1,Veere Di Wedding,ET00042975,KAIT
2,Kaala,ET00057686,KAIT
0,Kaala,ET00057686,KAAP
0,Kaala,ET00057686,KAKI
1,Mahanati,ET00054544,KAKI
2,Rajugadu,ET00075146,KAKI
0,Kaala,ET00057686,KANR
0,Jurassic World: Fallen Kingdom,ET00058799,KALI
1,Veere Di Wedding,ET00042975,KALI
0,Kaala,ET00057686,KALW
1,Rajugadu,ET00075146,KALW
0,Jurassic World: Fallen Kingdom,ET00058799,KALY
1,Uma,ET00063261,KALY
2,Haami,ET00071832,KALY
3,Veere Di Wedding,ET00042975,KALY
4,Parmanu: The Story of Pokhran,ET00058781,KALY
5,Race 3,ET00063107,KALY
6,Kaala,ET00057686,KALY
0,Kaala,ET00057686,KMLA
0,Kaala,ET00057686,KMLR
0,Kaala,ET00057686,KMRD
1,Jurassic World: Fallen Kingdom,ET00058799,KMRD
2,Nela Ticket,ET00071700,KMRD
0,Kaala,ET00057686,KPKT
0,Kaala,ET00057686,KAMR
0,Jurassic World: Fallen Kingdom,ET00058799,KAMP
0,Raambo 2,ET00075633,KAKP
0,Mahanati,ET00054544,KNCH
1,Rangasthalam,ET00058961,KNCH
0,Kaala,ET00057686,KNPM
1,Irumbuthirai,ET00068334,KNPM
0,Kaala,ET00057686,KNDM
0,Abhimanyudu,ET00068740,KAND
1,Rangasthalam,ET00058961,KAND
2,Kaala,ET00057686,KAND
3,Jurassic World: Fallen Kingdom,ET00058799,KAND
0,Kaala,ET00057686,KGKM
0,Kaala,ET00057686,KKNN
1,Jurassic World: Fallen Kingdom,ET00058799,KKNN
2,B. Tech,ET00074103,KKNN
3,Aravindante Athidhikal,ET00073895,KKNN
0,Kaala,ET00057686,KAAM
0,Jurassic World: Fallen Kingdom,ET00058799,KANK
1,Kaala,ET00057686,KANK
2,Veere Di Wedding,ET00042975,KANK
0,Abhimanyudu,ET00068740,KADU
1,Kaala,ET00057686,KADU
0,Jurassic World: Fallen Kingdom,ET00058799,KANP
1,Veere Di Wedding,ET00042975,KANP
2,Raazi,ET00059201,KANP
3,Parmanu: The Story of Pokhran,ET00058781,KANP
4,Kaala,ET00057686,KANP
5,Carry On Jatta 2 ,ET00020972,KANP
6,Race 3,ET00063107,KANP
7,Ghulami,ET00034755,KANP
0,Krina,ET00076854,KAPP
0,Farzand,ET00072484,KARD
1,Jurassic World: Fallen Kingdom,ET00058799,KARD
2,Kaala,ET00057686,KARD
0,Kaala,ET00057686,KARA
1,Jurassic World: Fallen Kingdom,ET00058799,KARA
0,Kaala,ET00057686,KRBK
0,Veere Di Wedding,ET00042975,KARE
1,Kaala,ET00057686,KARE
2,Parmanu: The Story of Pokhran,ET00058781,KARE
0,Kaala,ET00057686,KARI
1,Oru Kuppai Kathai,ET00076086,KARI
0,Veere Di Wedding,ET00042975,KRNJ
1,Kaala,ET00057686,KRNJ
0,Kaala,ET00057686,KARIM
1,Mahanati,ET00054544,KARIM
2,Jurassic World: Fallen Kingdom,ET00058799,KARIM
3,Abhimanyudu,ET00068740,KARIM
4,Rangasthalam,ET00058961,KARIM
5,Nela Ticket,ET00071700,KARIM
6,Rajugadu,ET00075146,KARIM
7,Ammammagarillu,ET00070902,KARIM
0,Farzand,ET00072484,KART
1,Kaala,ET00057686,KART
2,AA BB KK,ET00076165,KART
0,Rajaratha,ET00045240,KARK
0,Carry On Jatta 2 ,ET00020972,KARN
1,Jurassic World: Fallen Kingdom,ET00058799,KARN
2,Veere Di Wedding,ET00042975,KARN
3,Kaala,ET00057686,KARN
0,Kaala,ET00057686,KASA
1,B. Tech,ET00074103,KASA
2,Aravindante Athidhikal,ET00073895,KASA
3,Jurassic World: Fallen Kingdom,ET00058799,KASA
4,Kammara Sambhavam,ET00068621,KASA
0,Parmanu: The Story of Pokhran,ET00058781,KASD
0,Jurassic World: Fallen Kingdom,ET00058799,KASH
1,Carry On Jatta 2 ,ET00020972,KASH
2,Kaala,ET00057686,KASH
3,Veere Di Wedding,ET00042975,KASH
0,Nela Ticket,ET00071700,KSBG
0,Carry On Jatta 2 ,ET00020972,KATH
0,Yeh Ishq Bada Bedardi Hai,ET00076540,KATI
0,Kaala,ET00057686,KANM
1,Jurassic World: Fallen Kingdom,ET00058799,KANM
2,Oru Kuppai Kathai,ET00076086,KANM
0,Kaala,ET00057686,KAZI
1,Jurassic World: Fallen Kingdom,ET00058799,KAZI
0,Kaala,ET00057686,KEKR
0,Jurassic World: Fallen Kingdom,ET00058799,KNJH
1,Kaala,ET00057686,KNJH
0,Kaala,ET00057686,KEGA
0,Raazi,ET00059201,KHCU
0,Mehandi Laga Ke Rakhna 2,ET00074548,KHBD
0,Kaala,ET00057686,KHBH
0,Mahanati,ET00054544,KHAM
1,Jurassic World: Fallen Kingdom,ET00058799,KHAM
2,Abhimanyudu,ET00068740,KHAM
3,Nela Ticket,ET00071700,KHAM
4,Bharat Ane Nenu,ET00059033,KHAM
5,Rajugadu,ET00075146,KHAM
6,Rangasthalam,ET00058961,KHAM
0,Kaala,ET00057686,KHDW
1,Jurassic World: Fallen Kingdom,ET00058799,KHDW
2,Veere Di Wedding,ET00042975,KHDW
0,Carry On Jatta 2 ,ET00020972,KHAN
1,Jurassic World: Fallen Kingdom,ET00058799,KHAN
2,Veere Di Wedding,ET00042975,KHAN
0,Jurassic World: Fallen Kingdom,ET00058799,KGPR
1,Uma,ET00063261,KGPR
2,Kaala,ET00057686,KGPR
3,Veere Di Wedding,ET00042975,KGPR
0,Krina,ET00076854,KHAR
0,Kaala,ET00057686,KHAS
1,Veere Di Wedding,ET00042975,KHAS
0,AA BB KK,ET00076165,KHED
1,Kaala,ET00057686,KHED
0,Kaala,ET00057686,KHMA
0,Farzand,ET00072484,KHOP
1,Kaala,ET00057686,KHOP
2,Veere Di Wedding,ET00042975,KHOP
3,Ashtavakra,ET00076003,KHOP
4,AA BB KK,ET00076165,KHOP
0,Krina,ET00076854,KCHA
1,The Past,ET00073510,KCHA
0,Kaala,ET00057686,KIDI
1,Jurassic World: Fallen Kingdom,ET00058799,KIDI
0,Veere Di Wedding,ET00042975,KISH
1,Race 3,ET00063107,KISH
2,Krina,ET00076854,KISH
0,Mahanati,ET00054544,KODA
1,Abhimanyudu,ET00068740,KODA
2,Nela Ticket,ET00071700,KODA
0,Kaala,ET00057686,KODM
0,Jurassic World: Fallen Kingdom,ET00058799,KODU
1,Kaala,ET00057686,KODU
2,Aravindante Athidhikal,ET00073895,KODU
3,B. Tech,ET00074103,KODU
4,Ee.Ma.Yau,ET00064076,KODU
0,Farzand,ET00072484,KOLH
1,Jurassic World: Fallen Kingdom,ET00058799,KOLH
2,Parmanu: The Story of Pokhran,ET00058781,KOLH
3,Veere Di Wedding,ET00042975,KOLH
4,Kaala,ET00057686,KOLH
5,Bucket List,ET00069206,KOLH
6,Raazi,ET00059201,KOLH
7,AA BB KK,ET00076165,KOLH
8,Pimpal,ET00076877,KOLH
9,Lagi Toh Chhagi,ET00075511,KOLH
10,Ashtavakra,ET00076003,KOLH
11,Trushart ,ET00077180,KOLH
0,Nela Ticket,ET00071700,KOLL
0,Kaala,ET00057686,KOLE
1,Jurassic World: Fallen Kingdom,ET00058799,KOLE
2,Kuttanpillayude Sivarathri,ET00073894,KOLE
0,Kaala,ET00057686,KOMA
1,Jurassic World: Fallen Kingdom,ET00058799,KOMA
0,Kaala,ET00057686,KNGN
1,Krina,ET00076854,KNGN
0,Raambo 2,ET00075633,KNAI
0,Kaala,ET00057686,KOSG
0,Jurassic World: Fallen Kingdom,ET00058799,KOTA
1,Veere Di Wedding,ET00042975,KOTA
2,Parmanu: The Story of Pokhran,ET00058781,KOTA
3,Raazi,ET00059201,KOTA
4,Kaala,ET00057686,KOTA
5,Race 3,ET00063107,KOTA
0,Ammammagarillu,ET00070902,KTGM
0,Nela Ticket,ET00071700,KOTL
0,Kaala,ET00057686,KTYM
1,Jurassic World: Fallen Kingdom,ET00058799,KTYM
2,Aravindante Athidhikal,ET00073895,KTYM
3,Ee.Ma.Yau,ET00064076,KTYM
4,Kaamuki,ET00074216,KTYM
5,Panchavarnathatha,ET00072863,KTYM
6,B. Tech,ET00074103,KTYM
7,Chanakayathanthram,ET00073409,KTYM
0,Abhimanyudu,ET00068740,KOVU
1,Kaala,ET00057686,KOVU
0,Kaala,ET00057686,KOEM
1,Abhimanyudu,ET00068740,KOEM
0,Jurassic World: Fallen Kingdom,ET00058799,KOZH
1,Kaala,ET00057686,KOZH
2,Aravindante Athidhikal,ET00073895,KOZH
3,Race 3,ET00063107,KOZH
0,Kaala,ET00057686,KOZA
1,Irumbuthirai,ET00068334,KOZA
2,Sreehalli,ET00061494,KOZA
0,Kaala,ET00057686,KRHN
1,Sema,ET00059477,KRHN
2,Jurassic World: Fallen Kingdom,ET00058799,KRHN
3,Aayirathil Oruvan (2010),ET00002304,KRHN
0,Haami,ET00071832,KNWB
1,Uma,ET00063261,KNWB
2,Jurassic World: Fallen Kingdom,ET00058799,KNWB
3,Good Night City,ET00055072,KNWB
4,Race 3,ET00063107,KNWB
5,Racket,ET00076181,KNWB
0,Jaggu Dada,ET00041573,KRJT
0,Kaala,ET00057686,KRTH
0,Kaala,ET00057686,KUKS
0,Kaala,ET00057686,KULI
0,Veere Di Wedding,ET00042975,KULU
1,Kaala,ET00057686,KULU
0,Kaala,ET00057686,KUMB
1,Kaali,ET00069756,KUMB
0,Parmanu: The Story of Pokhran,ET00058781,KKRI
0,Kaala,ET00057686,KUNN
1,Aravindante Athidhikal,ET00073895,KUNN
2,B. Tech,ET00074103,KUNN
0,Abhimanyudu,ET00068740,KURN
1,Jurassic World: Fallen Kingdom,ET00058799,KURN
2,Kaala,ET00057686,KURN
3,Ammammagarillu,ET00070902,KURN
4,Veere Di Wedding,ET00042975,KURN
0,Carry On Jatta 2 ,ET00020972,KURU
1,Veere Di Wedding,ET00042975,KURU
2,Jurassic World: Fallen Kingdom,ET00058799,KURU
3,Kaala,ET00057686,KURU
4,Race 3,ET00063107,KURU
0,Jurassic World: Fallen Kingdom,ET00058799,LAHA
1,Kaala,ET00057686,LAHA
2,Veere Di Wedding,ET00042975,LAHA
0,Kaala,ET00057686,LRAM
0,Raambo 2,ET00075633,LKSH
0,Bucket List,ET00069206,LAT
1,Kaala,ET00057686,LAT
2,Parmanu: The Story of Pokhran,ET00058781,LAT
3,Jurassic World: Fallen Kingdom,ET00058799,LAT
4,Farzand,ET00072484,LAT
5,Veere Di Wedding,ET00042975,LAT
6,AA BB KK,ET00076165,LAT
7,Race 3,ET00063107,LAT
0,Rangasthalam,ET00058961,LING
0,Jurassic World: Fallen Kingdom,ET00058799,LNVL
1,Farzand,ET00072484,LNVL
2,Veere Di Wedding,ET00042975,LNVL
3,Kaala,ET00057686,LNVL
4,Parmanu: The Story of Pokhran,ET00058781,LNVL
5,Raazi,ET00059201,LNVL
6,AA BB KK,ET00076165,LNVL
0,Farzand,ET00072484,LONI
1,Kaala,ET00057686,LONI
2,Jurassic World: Fallen Kingdom,ET00058799,LONI
3,AA BB KK,ET00076165,LONI
0,Jurassic World: Fallen Kingdom,ET00058799,LUCK
1,Veere Di Wedding,ET00042975,LUCK
2,Parmanu: The Story of Pokhran,ET00058781,LUCK
3,Raazi,ET00059201,LUCK
4,Kaala,ET00057686,LUCK
5,Race 3,ET00063107,LUCK
6,102 Not Out,ET00037296,LUCK
7,Carry On Jatta 2 ,ET00020972,LUCK
0,Carry On Jatta 2 ,ET00020972,LUDH
1,Veere Di Wedding,ET00042975,LUDH
2,Jurassic World: Fallen Kingdom,ET00058799,LUDH
3,Parmanu: The Story of Pokhran,ET00058781,LUDH
4,Race 3,ET00063107,LUDH
5,Kaala,ET00057686,LUDH
6,Raazi,ET00059201,LUDH
7,Rubb Rakha,ET00076187,LUDH
0,Kaala,ET00057686,LUNA
0,Kaala,ET00057686,MACH
1,Jurassic World: Fallen Kingdom,ET00058799,MACH
0,Mahanati,ET00054544,MAPM
1,Bharat Ane Nenu,ET00059033,MAPM
2,Officer,ET00071682,MAPM
3,Rangasthalam,ET00058961,MAPM
4,Nela Ticket,ET00071700,MAPM
5,Rajugadu,ET00075146,MAPM
0,Kaanoorayana,ET00074263,MADA
0,Jurassic World: Fallen Kingdom,ET00058799,MDNP
1,Abhimanyudu,ET00068740,MDNP
2,Nela Ticket,ET00071700,MDNP
0,Naa Peru Surya Naa Illu India,ET00055830,MADD
0,Rajugadu,ET00075146,MDHA
0,Kaala,ET00057686,MADR
1,Mahanati,ET00054544,MADR
0,Jurassic World: Fallen Kingdom,ET00058799,MADU
1,Kaala,ET00057686,MADU
2,Irumbuthirai,ET00068334,MADU
3,Nadigaiyar Thilagam - Mahanadi,ET00072797,MADU
4,Iravukku Aayiram Kangal,ET00055256,MADU
5,Oru Kuppai Kathai,ET00076086,MADU
6,Bharat Ennum Naan,ET00076544,MADU
7,Bhaskar Oru Rascal,ET00063008,MADU
8,Kaali,ET00069756,MADU
9,Sema,ET00059477,MADU
10,Deadpool 2,ET00049430,MADU
11,Pakka,ET00068839,MADU
12,Motta Shiva Ketta Shiva,ET00039728,MADU
0,Kaala,ET00057686,MHAD
1,Farzand,ET00072484,MHAD
2,AA BB KK,ET00076165,MHAD
0,Kaala,ET00057686,MAHB
1,Mahanati,ET00054544,MAHB
2,Jurassic World: Fallen Kingdom,ET00058799,MAHB
3,Abhimanyudu,ET00068740,MAHB
4,Nela Ticket,ET00071700,MAHB
0,Parmanu: The Story of Pokhran,ET00058781,MAHE
0,KAYA: The Mystery Unfolds,ET00069554,MMAI
0,Kaala,ET00057686,MAKT
0,Bruhaspati,ET00068553,MEBN
0,Kaala,ET00057686,MALE
1,Farzand,ET00072484,MALE
2,Veere Di Wedding,ET00042975,MALE
3,Jurassic World: Fallen Kingdom,ET00058799,MALE
4,Parmanu: The Story of Pokhran,ET00058781,MALE
0,AA BB KK,ET00076165,MAMA
1,Farzand,ET00072484,MAMA
0,Carry On Jatta 2 ,ET00020972,MALO
1,Jurassic World: Fallen Kingdom,ET00058799,MALO
2,Kaala,ET00057686,MALO
0,Carry On Jatta 2 ,ET00020972,MANA
0,Kaala,ET00057686,MAPI
0,Veere Di Wedding,ET00042975,MANW
1,Kaala,ET00057686,MANW
0,Jurassic World: Fallen Kingdom,ET00058799,MANC
1,Kaala,ET00057686,MANC
0,Kaala,ET00057686,MDAS
0,Jurassic World: Fallen Kingdom,ET00058799,MADL
1,Kaala,ET00057686,MADL
2,Veere Di Wedding,ET00042975,MADL
0,Veere Di Wedding,ET00042975,MNDS
1,Parmanu: The Story of Pokhran,ET00058781,MNDS
2,Kaala,ET00057686,MNDS
3,Race 3,ET00063107,MNDS
0,Abhimanyudu,ET00068740,MGLR
1,Rajugadu,ET00075146,MGLR
0,Jurassic World: Fallen Kingdom,ET00058799,MANG
1,Veere Di Wedding,ET00042975,MANG
0,Jurassic World: Fallen Kingdom,ET00058799,MANI
1,Parmanu: The Story of Pokhran,ET00058781,MANI
2,Kaala,ET00057686,MANI
3,Raambo 2,ET00075633,MANI
4,Veere Di Wedding,ET00042975,MANI
5,Race 3,ET00063107,MANI
0,Kaala,ET00057686,MNMD
0,Kaala,ET00057686,MANB
0,Kaala,ET00057686,MKKA
0,Chanakayathanthram,ET00073409,MANR
0,Carry On Jatta 2 ,ET00020972,MNSA
0,Johnny Johnny Yes Papa,ET00072957,MLAK
1,Raambo 2,ET00075633,MLAK
0,Kaala,ET00057686,MAYR
0,Kaala,ET00057686,MARR
1,Rajugadu,ET00075146,MARR
0,Kaala,ET00057686,MRDM
0,Kaala,ET00057686,MVLR
1,Kuttanpillayude Sivarathri,ET00073894,MVLR
2,B. Tech,ET00074103,MVLR
3,Panchavarnathatha,ET00072863,MVLR
0,Kaala,ET00057686,MDRM
0,Jurassic World: Fallen Kingdom,ET00058799,MERT
1,Veere Di Wedding,ET00042975,MERT
2,Parmanu: The Story of Pokhran,ET00058781,MERT
3,Raazi,ET00059201,MERT
4,Kaala,ET00057686,MERT
5,Carry On Jatta 2 ,ET00020972,MERT
6,Race 3,ET00063107,MERT
0,Jurassic World: Fallen Kingdom,ET00058799,MEHS
1,Veere Di Wedding,ET00042975,MEHS
2,Parmanu: The Story of Pokhran,ET00058781,MEHS
3,Kaala,ET00057686,MEHS
4,Patni Nachave Bhagwan Bachave,ET00077189,MEHS
5,Tu Maro Chello Love,ET00077243,MEHS
0,Uma,ET00063261,MMRR
1,Baaghi 2,ET00053840,MMRR
0,Jurassic World: Fallen Kingdom,ET00058799,MIZP
1,Veere Di Wedding,ET00042975,MIZP
2,Race 3,ET00063107,MIZP
0,Carry On Jatta 2 ,ET00020972,MOHL
1,Veere Di Wedding,ET00042975,MOHL
2,Jurassic World: Fallen Kingdom,ET00058799,MOHL
3,Parmanu: The Story of Pokhran,ET00058781,MOHL
4,Raazi,ET00059201,MOHL
5,Kaala,ET00057686,MOHL
6,Race 3,ET00063107,MOHL
0,Shivu Paru,ET00075452,MOLA
1,Chal Mohan Ranga,ET00070820,MOLA
0,Kaala,ET00057686,MOOD
0,Jurassic World: Fallen Kingdom,ET00058799,MORA
1,Veere Di Wedding,ET00042975,MORA
2,Race 3,ET00063107,MORA
3,Parmanu: The Story of Pokhran,ET00058781,MORA
4,Kaala,ET00057686,MORA
5,Raazi,ET00059201,MORA
6,Carry On Jatta 2 ,ET00020972,MORA
0,Kaala,ET00057686,MORH
1,Veere Di Wedding,ET00042975,MORH
0,Kaala,ET00057686,MRMP
0,Carry On Jatta 2 ,ET00020972,MORI
1,Rubb Rakha,ET00076187,MORI
0,Kaala,ET00057686,MOTI
1,Dulhin Ganga Paar Ke,ET00073401,MOTI
2,Race 3,ET00063107,MOTI
0,Parmanu: The Story of Pokhran,ET00058781,MAYN
1,Raja Rani Raji,ET00072703,MAYN
0,Raambo 2,ET00075633,MUDG
0,Shathaya Gathaya,ET00076087,MUDD
1,Kaala,ET00057686,MUDD
0,Anjaniputra,ET00058805,MUDL
1,Kaala,ET00057686,MUDL
0,Veere Di Wedding,ET00042975,MGSI
1,Jurassic World: Fallen Kingdom,ET00058799,MGSI
2,Parmanu: The Story of Pokhran,ET00058781,MGSI
3,Kaala,ET00057686,MGSI
0,Kaala,ET00057686,MUKM
1,Kuttanpillayude Sivarathri,ET00073894,MUKM
2,B. Tech,ET00074103,MUKM
3,Jurassic World: Fallen Kingdom,ET00058799,MUKM
4,Aravindante Athidhikal,ET00073895,MUKM
5,Sreehalli,ET00061494,MUKM
0,Carry On Jatta 2 ,ET00020972,MKST
1,Jurassic World: Fallen Kingdom,ET00058799,MKST
2,Veere Di Wedding,ET00042975,MKST
0,Kaala,ET00057686,MULK
0,Carry On Jatta 2 ,ET00020972,MULL
1,Kaala,ET00057686,MULL
2,Rubb Rakha,ET00076187,MULL
0,Rajugadu,ET00075146,MUMM
1,Kaala,ET00057686,MUMM
0,Jurassic World: Fallen Kingdom,ET00058799,MUAM
1,Kaala,ET00057686,MUAM
2,B. Tech,ET00074103,MUAM
3,Kuttanadan Marpappa,ET00070660,MUAM
4,Mohanlal,ET00057493,MUAM
0,Veere Di Wedding,ET00042975,MUDA
1,Kaala,ET00057686,MUDA
2,Parmanu: The Story of Pokhran,ET00058781,MUDA
3,AA BB KK,ET00076165,MUDA
0,Love Promise,ET00075830,MUNI
1,Kaala,ET00057686,MUNI
0,Jibon Theke Neya,ET00073304,MURS
0,Kaala,ET00057686,MUUR
1,Unch Bharari,ET00077018,MUUR
0,Kaala,ET00057686,MUSI
0,Jurassic World: Fallen Kingdom,ET00058799,MUVA
1,Aravindante Athidhikal,ET00073895,MUVA
2,Kaala,ET00057686,MUVA
3,Ee.Ma.Yau,ET00064076,MUVA
4,B. Tech,ET00074103,MUVA
5,Kuttanpillayude Sivarathri,ET00073894,MUVA
0,Jurassic World: Fallen Kingdom,ET00058799,MUZ
1,Veere Di Wedding,ET00042975,MUZ
2,Race 3,ET00063107,MUZ
3,Kaala,ET00057686,MUZ
4,Parmanu: The Story of Pokhran,ET00058781,MUZ
0,Jurassic World: Fallen Kingdom,ET00058799,MUZA
1,Veere Di Wedding,ET00042975,MUZA
2,Parmanu: The Story of Pokhran,ET00058781,MUZA
3,Kaala,ET00057686,MUZA
4,Race 3,ET00063107,MUZA
5,Raazi,ET00059201,MUZA
0,Kaala,ET00057686,MYDU
1,Abhimanyudu,ET00068740,MYDU
2,Nela Ticket,ET00071700,MYDU
0,Haami,ET00071832,NABB
0,Jurassic World: Fallen Kingdom,ET00058799,NADI
1,Kaala,ET00057686,NADI
2,Veere Di Wedding,ET00042975,NADI
3,Parmanu: The Story of Pokhran,ET00058781,NADI
4,Vandha Villas,ET00066887,NADI
0,Kaala,ET00057686,NAAM
0,Kaala,ET00057686,NGPT
0,Abhimanyudu,ET00068740,NGKL
1,Kaala,ET00057686,NGKL
0,Veere Di Wedding,ET00042975,NAGD
0,Kaala,ET00057686,NAGE
0,Farzand,ET00072484,NAGO
0,Jurassic World: Fallen Kingdom,ET00058799,NAGP
1,Veere Di Wedding,ET00042975,NAGP
2,Parmanu: The Story of Pokhran,ET00058781,NAGP
3,Raazi,ET00059201,NAGP
4,Kaala,ET00057686,NAGP
5,Bucket List,ET00069206,NAGP
6,Farzand,ET00072484,NAGP
7,Avengers: Infinity War,ET00073462,NAGP
8,Race 3,ET00063107,NAGP
9,AA BB KK,ET00076165,NAGP
10,Pimpal,ET00076877,NAGP
11,Unch Bharari,ET00077018,NAGP
12,Pani Bani ,ET00077245,NAGP
0,Kaala,ET00057686,NKHT
0,Carry On Jatta 2 ,ET00020972,NAKO
1,Rubb Rakha,ET00076187,NAKO
0,Abhimanyudu,ET00068740,NALK
0,Ammammagarillu,ET00070902,NALJ
0,Kaala,ET00057686,NMKL
1,Paalkaari,ET00076008,NMKL
0,Kaala,ET00057686,NAMI
1,Race 3,ET00063107,NAMI
0,Kaala,ET00057686,NAND
1,Jurassic World: Fallen Kingdom,ET00058799,NAND
2,Farzand,ET00072484,NAND
3,Veere Di Wedding,ET00042975,NAND
4,Parmanu: The Story of Pokhran,ET00058781,NAND
5,Bucket List,ET00069206,NAND
6,AA BB KK,ET00076165,NAND
7,Baban,ET00072261,NAND
8,Race 3,ET00063107,NAND
9,Pani Bani ,ET00077245,NAND
10,B.A. Pass 2,ET00061579,NAND
11,Pimpal,ET00076877,NAND
12,Trushart ,ET00077180,NAND
0,Kaala,ET00057686,NDGM
0,Kaala,ET00057686,NANZ
0,Jurassic World: Fallen Kingdom,ET00058799,NDNB
1,Farzand,ET00072484,NDNB
2,Kaala,ET00057686,NDNB
3,Veere Di Wedding,ET00042975,NDNB
0,Rajugadu,ET00075146,NADY
1,Mahanati,ET00054544,NADY
0,Suno Sasurji,ET00071698,NANP
0,Kaala,ET00057686,NRPT
1,Nela Ticket,ET00071700,NRPT
2,Jurassic World: Fallen Kingdom,ET00058799,NRPT
0,Abhimanyudu,ET00068740,NSPT
1,Jurassic World: Fallen Kingdom,ET00058799,NSPT
0,Kaala,ET00057686,NARY
0,Nela Ticket,ET00071700,NRYN
1,Abhimanyudu,ET00068740,NRYN
0,Nakshatram,ET00058068,NRGD
1,Kaala,ET00057686,NRGD
0,Kaala,ET00057686,NASP
1,Abhimanyudu,ET00068740,NASP
0,Kaala,ET00057686,NARP
1,Abhimanyudu,ET00068740,NARP
0,Veere Di Wedding,ET00042975,NARR
0,Nela Ticket,ET00071700,NARS
1,Kaala,ET00057686,NARS
2,Jurassic World: Fallen Kingdom,ET00058799,NARS
3,Abhimanyudu,ET00068740,NARS
4,Rajugadu,ET00075146,NARS
5,Mahanati,ET00054544,NARS
0,Carry On Jatta 2 ,ET00020972,NARA
1,Rubb Rakha,ET00076187,NARA
0,Farzand,ET00072484,NASK
1,Jurassic World: Fallen Kingdom,ET00058799,NASK
2,Veere Di Wedding,ET00042975,NASK
3,Bucket List,ET00069206,NASK
4,Kaala,ET00057686,NASK
5,Parmanu: The Story of Pokhran,ET00058781,NASK
6,Raazi,ET00059201,NASK
7,AA BB KK,ET00076165,NASK
8,Maska,ET00074828,NASK
9,Pimpal,ET00076877,NASK
10,Ashtavakra,ET00076003,NASK
11,Lagi Toh Chhagi,ET00075511,NASK
12,Land 1857,ET00077178,NASK
13,Pani Bani ,ET00077245,NASK
0,Kaala,ET00057686,NATH
0,Carry On Jatta 2 ,ET00020972,NAVN
1,Kaala,ET00057686,NAVN
2,Rubb Rakha,ET00076187,NAVN
0,Kaala,ET00057686,NAWA
0,Jurassic World: Fallen Kingdom,ET00058799,NZRA
1,Kaala,ET00057686,NZRA
2,Race 3,ET00063107,NZRA
0,Jurassic World: Fallen Kingdom,ET00058799,NMCH
1,Kaala,ET00057686,NMCH
2,Veere Di Wedding,ET00042975,NMCH
3,Race 3,ET00063107,NMCH
0,Kaala,ET00057686,NELA
0,Kaala,ET00057686,NLEM
0,Kaala,ET00057686,NELL
1,Mahanati,ET00054544,NELL
2,Rangasthalam,ET00058961,NELL
0,Rajugadu,ET00075146,NDVD
1,Abhimanyudu,ET00068740,NDVD
0,Jurassic City,ET00030557,NIPA
0,Farzand,ET00072484,NIPN
1,Raazi,ET00059201,NIPN
0,Kaala,ET00057686,NIZA
1,Jurassic World: Fallen Kingdom,ET00058799,NIZA
2,Mahanati,ET00054544,NIZA
3,Abhimanyudu,ET00068740,NIZA
4,Race 3,ET00063107,NIZA
5,Nela Ticket,ET00071700,NIZA
6,Rajugadu,ET00075146,NIZA
7,Rangasthalam,ET00058961,NIZA
0,Kaala,ET00057686,NKHA
0,Abhimanyudu,ET00068740,NZVD
1,Kaala,ET00057686,NZVD
0,Neerdose,ET00022668,NYNT
0,Kaala,ET00057686,ONGL
1,Bharat Ane Nenu,ET00059033,ONGL
2,Rangasthalam,ET00058961,ONGL
3,Officer,ET00071682,ONGL
0,Farzand,ET00072484,OSMA
0,Premasoothram,ET00073772,OTTP
0,Kuttanpillayude Sivarathri,ET00073894,PALL
1,B. Tech,ET00074103,PALL
0,Jurassic World: Fallen Kingdom,ET00058799,PLKK
1,Kaala,ET00057686,PLKK
2,Aravindante Athidhikal,ET00073895,PLKK
0,Jurassic World: Fallen Kingdom,ET00058799,PLKL
1,Abhimanyudu,ET00068740,PLKL
2,Bharat Ane Nenu,ET00059033,PLKL
3,Kaala,ET00057686,PLKL
4,Ammammagarillu,ET00070902,PLKL
5,Rajugadu,ET00075146,PLKL
0,Kaala,ET00057686,PALK
0,Kaala,ET00057686,PLAT
0,Carry On Jatta 2 ,ET00020972,PALM
1,Veere Di Wedding,ET00042975,PALM
2,Kaala,ET00057686,PALM
0,Kaala,ET00057686,PALN
1,Jurassic World: Fallen Kingdom,ET00058799,PALN
2,Veere Di Wedding,ET00042975,PALN
3,Parmanu: The Story of Pokhran,ET00058781,PALN
0,Kaala,ET00057686,PALS
1,Mahanati,ET00054544,PALS
0,Veere Di Wedding,ET00042975,PAAL
1,Jurassic City,ET00030557,PAAL
0,Mercury (Silent Movie),ET00058962,PALI
0,Irumbuthirai,ET00068334,PLLI
0,Kaamuki,ET00074216,PALY
0,Abhimanyudu,ET00068740,PLWA
1,Kaala,ET00057686,PLWA
0,Jurassic World: Fallen Kingdom,ET00058799,PLWL
1,Kaala,ET00057686,PLWL
2,Veere Di Wedding,ET00042975,PLWL
0,Rajugadu,ET00075146,PMMR
0,Kaala,ET00057686,PADM
1,Jurassic World: Fallen Kingdom,ET00058799,PADM
0,Neerdose,ET00022668,PAVA
1,Om,ET00009155,PAVA
0,Jurassic World: Fallen Kingdom,ET00058799,PNDH
1,Kaala,ET00057686,PNDH
2,Farzand,ET00072484,PNDH
0,Carry On Jatta 2 ,ET00020972,PAN
1,Jurassic World: Fallen Kingdom,ET00058799,PAN
2,Veere Di Wedding,ET00042975,PAN
3,Kaala,ET00057686,PAN
4,Race 3,ET00063107,PAN
0,Kaala,ET00057686,PANT
1,Irumbuthirai,ET00068334,PANT
0,Ammammagarillu,ET00070902,PRKM
1,Abhimanyudu,ET00068740,PRKM
2,The Past,ET00073510,PRKM
0,Kaala,ET00057686,PARA
1,Race 3,ET00063107,PARA
0,Kaala,ET00057686,PARB
1,Jurassic World: Fallen Kingdom,ET00058799,PARB
2,Farzand,ET00072484,PARB
3,Race 3,ET00063107,PARB
0,Abhimanyudu,ET00068740,PARC
0,Kaala,ET00057686,PARI
1,Officer,ET00071682,PARI
0,Farzand,ET00072484,PRLI
0,Kaala,ET00057686,PRVT
1,Mahanati,ET00054544,PRVT
2,Nela Ticket,ET00071700,PRVT
0,Kaala,ET00057686,PTNM
1,Jurassic World: Fallen Kingdom,ET00058799,PTNM
2,Aravindante Athidhikal,ET00073895,PTNM
3,B. Tech,ET00074103,PTNM
4,Kaamuki,ET00074216,PTNM
5,Panchavarnathatha,ET00072863,PTNM
0,Carry On Jatta 2 ,ET00020972,PATH
1,Jurassic World: Fallen Kingdom,ET00058799,PATH
2,Veere Di Wedding,ET00042975,PATH
3,Race 3,ET00063107,PATH
4,Kaala,ET00057686,PATH
0,Carry On Jatta 2 ,ET00020972,PATI
1,Veere Di Wedding,ET00042975,PATI
2,Jurassic World: Fallen Kingdom,ET00058799,PATI
3,Parmanu: The Story of Pokhran,ET00058781,PATI
4,Kaala,ET00057686,PATI
0,Jurassic World: Fallen Kingdom,ET00058799,PATN
1,Veere Di Wedding,ET00042975,PATN
2,Race 3,ET00063107,PATN
3,Parmanu: The Story of Pokhran,ET00058781,PATN
4,Raazi,ET00059201,PATN
5,Kaala,ET00057686,PATN
0,Carry On Jatta 2 ,ET00020972,PATR
0,Kaala,ET00057686,PTMB
1,Aravindante Athidhikal,ET00073895,PTMB
0,Kaala,ET00057686,PATU
1,Bhaskar Oru Rascal,ET00063008,PATU
0,Kaala,ET00057686,PAGD
0,Abhimanyudu,ET00068740,PATE
0,Kaala,ET00057686,PAYY
0,Nela Ticket,ET00071700,PEDN
0,Chalo,ET00064364,PEDD
0,Jurassic World: Fallen Kingdom,ET00058799,PEDA
1,Kaala,ET00057686,PEDA
0,Mahanati,ET00054544,PEDP
1,Kaala,ET00057686,PEDP
2,Rangasthalam,ET00058961,PEDP
0,Farzand,ET00072484,PEN
1,Jurassic World: Fallen Kingdom,ET00058799,PEN
2,Kaala,ET00057686,PEN
3,AA BB KK,ET00076165,PEN
0,Jurassic World: Fallen Kingdom,ET00058799,PEND
1,Parmanu: The Story of Pokhran,ET00058781,PEND
0,Kaala,ET00057686,PENM
0,Mahanati,ET00054544,PENU
0,Kaala,ET00057686,PDDG
0,Kaala,ET00057686,PERA
0,Jurassic World: Fallen Kingdom,ET00058799,PNTM
1,Kaala,ET00057686,PNTM
2,Aravindante Athidhikal,ET00073895,PNTM
0,Neerdose,ET00022668,PERI
0,Kaala,ET00057686,PETL
0,Farzand,ET00072484,PHAL
1,Jurassic World: Fallen Kingdom,ET00058799,PHAL
0,Jurassic World: Fallen Kingdom,ET00058799,PIPY
0,Jurassic World: Fallen Kingdom,ET00058799,PITH
0,Kaala,ET00057686,PILM
0,Kaala,ET00057686,PODI
1,Rajugadu,ET00075146,PODI
0,Kaala,ET00057686,PLAB
0,Kaala,ET00057686,POND
1,Jurassic World: Fallen Kingdom,ET00058799,POND
2,Irumbuthirai,ET00068334,POND
3,Iravukku Aayiram Kangal,ET00055256,POND
0,B. Tech,ET00074103,PONN
0,Kaala,ET00057686,PONE
0,Kaala,ET00057686,PORU
1,Officer,ET00071682,PORU
0,Mahanati,ET00054544,PRTH
0,Abhimanyudu,ET00068740,PROD
1,Jurassic World: Fallen Kingdom,ET00058799,PROD
2,Kaala,ET00057686,PROD
3,Rajugadu,ET00075146,PROD
0,Kaala,ET00057686,PUDH
0,Panchavarnathatha,ET00072863,PULA
0,Kaala,ET00057686,PULP
1,Aravindante Athidhikal,ET00073895,PULP
2,Kaamuki,ET00074216,PULP
0,Kaala,ET00057686,PUNA
1,Jurassic World: Fallen Kingdom,ET00058799,PUNA
0,Kaala,ET00057686,PGNR
1,Rajugadu,ET00075146,PGNR
0,Kaala,ET00057686,PURI
0,Kaala,ET00057686,PURN
0,Jurassic World: Fallen Kingdom,ET00058799,PURU
1,Uma,ET00063261,PURU
2,Haami,ET00071832,PURU
3,Veere Di Wedding,ET00042975,PURU
4,Race 3,ET00063107,PURU
5,Kaala,ET00057686,PURU
0,Krina,ET00076854,PUSD
1,Unch Bharari,ET00077018,PUSD
0,Kaala,ET00057686,PREG
0,Aravindante Athidhikal,ET00073895,PUTR
1,Race 3,ET00063107,PUTR
0,Chalbaaz,ET00073719,RDHM
0,Kaala,ET00057686,RAEB
1,Jurassic World: Fallen Kingdom,ET00058799,RAEB
0,Good Night City,ET00055072,RAGH
0,Farzand,ET00072484,RAHI
1,Kaala,ET00057686,RAHI
0,AA BB KK,ET00076165,RAHU
1,Kaala,ET00057686,RAHU
0,Jurassic World: Fallen Kingdom,ET00058799,RAUR
0,Jurassic World: Fallen Kingdom,ET00058799,RAIG
1,Kaala,ET00057686,RAIG
2,Veere Di Wedding,ET00042975,RAIG
3,Parmanu: The Story of Pokhran,ET00058781,RAIG
4,Krina,ET00076854,RAIG
0,Jurassic World: Fallen Kingdom,ET00058799,RAIPUR
1,Veere Di Wedding,ET00042975,RAIPUR
2,Parmanu: The Story of Pokhran,ET00058781,RAIPUR
3,Kaala,ET00057686,RAIPUR
4,Raazi,ET00059201,RAIPUR
5,102 Not Out,ET00037296,RAIPUR
6,Deadpool 2,ET00049430,RAIPUR
7,Race 3,ET00063107,RAIPUR
0,Carry On Jatta 2 ,ET00020972,RSNG
1,Veere Di Wedding,ET00042975,RSNG
0,Mahanati,ET00054544,RJMU
1,Kaala,ET00057686,RJMU
2,Jurassic World: Fallen Kingdom,ET00058799,RJMU
3,Rajugadu,ET00075146,RJMU
0,Kaala,ET00057686,RAYM
1,Irumbuthirai,ET00068334,RAYM
0,Kaala,ET00057686,RJGR
0,Jurassic World: Fallen Kingdom,ET00058799,RAJK
1,Veere Di Wedding,ET00042975,RAJK
2,Kaala,ET00057686,RAJK
3,Parmanu: The Story of Pokhran,ET00058781,RAJK
4,Raazi,ET00059201,RAJK
5,Vandha Villas,ET00066887,RAJK
6,Toh Lagi Sharat,ET00076209,RAJK
0,Raid,ET00062208,RAJP
0,Carry On Jatta 2 ,ET00020972,RARA
1,Veere Di Wedding,ET00042975,RARA
2,Jurassic World: Fallen Kingdom,ET00058799,RARA
0,Kaala,ET00057686,RJLA
0,Kaala,ET00057686,RCPR
0,Kaala,ET00057686,RAMP
1,Rajugadu,ET00075146,RAMP
0,Ami Toke Valobashi,ET00076725,RMPR
1,Bhaijaan Elo Re,ET00076243,RMPR
0,The Super Khiladi 2,ET00036610,RGHA
0,Haami,ET00071832,RANA
1,Racket,ET00076181,RANA
2,Uma,ET00063261,RANA
3,Chalbaaz,ET00073719,RANA
0,Jurassic World: Fallen Kingdom,ET00058799,RANC
1,Parmanu: The Story of Pokhran,ET00058781,RANC
2,Veere Di Wedding,ET00042975,RANC
3,Kaala,ET00057686,RANC
4,Raazi,ET00059201,RANC
5,Avengers: Infinity War,ET00073462,RANC
6,Race 3,ET00063107,RANC
0,Tagaru,ET00049201,RANE
1,Kaala,ET00057686,RANE
0,Veere Di Wedding,ET00042975,RNGJ
1,Kaala,ET00057686,RNGJ
0,Kaala,ET00057686,RANI
0,Irumbuthirai,ET00068334,RSPM
1,Kaala,ET00057686,RSPM
0,Jurassic World: Fallen Kingdom,ET00058799,RATL
1,Veere Di Wedding,ET00042975,RATL
2,Kaala,ET00057686,RATL
3,Krina,ET00076854,RATL
0,Jurassic World: Fallen Kingdom,ET00058799,RATN
1,Kaala,ET00057686,RATN
0,Kaala,ET00057686,RVPL
0,Jurassic World: Fallen Kingdom,ET00058799,RENU
0,Kaala,ET00057686,REWA
0,Jurassic World: Fallen Kingdom,ET00058799,RKES
1,Major Nirala,ET00076520,RKES
0,Raazi,ET00059201,RSRA
1,Kaala,ET00057686,RSRA
0,Carry On Jatta 2 ,ET00020972,ROH
1,Jurassic World: Fallen Kingdom,ET00058799,ROH
2,Veere Di Wedding,ET00042975,ROH
3,Parmanu: The Story of Pokhran,ET00058781,ROH
4,Kaala,ET00057686,ROH
5,Race 3,ET00063107,ROH
0,Jurassic World: Fallen Kingdom,ET00058799,ROOR
1,Parmanu: The Story of Pokhran,ET00058781,ROOR
2,Veere Di Wedding,ET00042975,ROOR
3,Race 3,ET00063107,ROOR
4,Kaala,ET00057686,ROOR
0,Jurassic World: Fallen Kingdom,ET00058799,RKOR
1,Parmanu: The Story of Pokhran,ET00058781,RKOR
2,Kaala,ET00057686,RKOR
3,Veere Di Wedding,ET00042975,RKOR
0,Jurassic World: Fallen Kingdom,ET00058799,RUDP
1,Carry On Jatta 2 ,ET00020972,RUDP
2,Veere Di Wedding,ET00042975,RUDP
3,Parmanu: The Story of Pokhran,ET00058781,RUDP
4,Kaala,ET00057686,RUDP
5,Race 3,ET00063107,RUDP
0,Carry On Jatta 2 ,ET00020972,RUPN
1,Veere Di Wedding,ET00042975,RUPN
2,Rubb Rakha,ET00076187,RUPN
0,Jurassic World: Fallen Kingdom,ET00058799,SADA
1,Kaala,ET00057686,SADA
0,Kaala,ET00057686,SAFI
1,Carry On Jatta 2 ,ET00020972,SAFI
2,Veere Di Wedding,ET00042975,SAFI
0,Kaala,ET00057686,SAMP
0,Veere Di Wedding,ET00042975,SAGA
1,Parmanu: The Story of Pokhran,ET00058781,SAGA
2,Race 3,ET00063107,SAGA
0,Carry On Jatta 2 ,ET00020972,SAHA
1,Parmanu: The Story of Pokhran,ET00058781,SAHA
2,Jurassic World: Fallen Kingdom,ET00058799,SAHA
3,Veere Di Wedding,ET00042975,SAHA
4,Kaala,ET00057686,SAHA
5,Raazi,ET00059201,SAHA
0,Abhimanyudu,ET00068740,SASA
1,Raambo 2,ET00075633,SASA
0,Kaala,ET00057686,SAKT
0,Kaala,ET00057686,SALM
1,Jurassic World: Fallen Kingdom,ET00058799,SALM
2,Irumbuthirai,ET00068334,SALM
3,Bharat Ennum Naan,ET00076544,SALM
4,Kaali,ET00069756,SALM
5,Bleeding Steel,ET00070071,SALM
0,Naa Peru Surya Naa Illu India,ET00055830,SGMA
0,Abhimanyudu,ET00068740,SALU
0,Kaala,ET00057686,SAMA
1,Mahanati,ET00054544,SAMA
0,Jurassic World: Fallen Kingdom,ET00058799,SAMB
1,Kaala,ET00057686,SAMB
2,Parmanu: The Story of Pokhran,ET00058781,SAMB
3,Veere Di Wedding,ET00042975,SAMB
4,Raazi,ET00059201,SAMB
0,Kaala,ET00057686,SNWD
0,Kaala,ET00057686,SARE
1,Nela Ticket,ET00071700,SARE
2,Mahanati,ET00054544,SARE
3,Race 3,ET00063107,SARE
0,Carry On Jatta 2 ,ET00020972,SAGR
1,Veere Di Wedding,ET00042975,SAGR
2,Race 3,ET00063107,SAGR
0,Jurassic World: Fallen Kingdom,ET00058799,SANG
1,Farzand,ET00072484,SANG
2,Parmanu: The Story of Pokhran,ET00058781,SANG
3,Kaala,ET00057686,SANG
4,Veere Di Wedding,ET00042975,SANG
5,Bucket List,ET00069206,SANG
6,AA BB KK,ET00076165,SANG
7,Lagi Toh Chhagi,ET00075511,SANG
0,Shivu Paru,ET00075452,STHB
0,Kaala,ET00057686,SAWR
0,Kaala,ET00057686,SPAL
0,Kaala,ET00057686,SARH
0,Veere Di Wedding,ET00042975,SARA
1,Kaala,ET00057686,SARA
2,Race 3,ET00063107,SARA
0,Parmanu: The Story of Pokhran,ET00058781,SATN
1,Jurassic World: Fallen Kingdom,ET00058799,SATN
2,Veere Di Wedding,ET00042975,SATN
3,Kaala,ET00057686,SATN
4,Race 3,ET00063107,SATN
0,Kaala,ET00057686,SATL
1,Jurassic World: Fallen Kingdom,ET00058799,SATL
2,Bharat Ane Nenu,ET00059033,SATL
3,Abhimanyudu,ET00068740,SATL
0,Kaala,ET00057686,SEET
0,Parmanu: The Story of Pokhran,ET00058781,SEND
0,Uma,ET00063261,SERA
1,Jurassic World: Fallen Kingdom,ET00058799,SERA
2,Haami,ET00071832,SERA
0,Nela Ticket,ET00071700,SHAD
1,Mahanati,ET00054544,SHAD
2,Abhimanyudu,ET00068740,SHAD
0,Farzand,ET00072484,SHHA
0,Jurassic World: Fallen Kingdom,ET00058799,SHAH
1,Kaala,ET00057686,SHAH
2,Veere Di Wedding,ET00042975,SHAH
3,Race 3,ET00063107,SHAH
0,Kaala,ET00057686,SHJH
0,Kaala,ET00057686,SHAN
0,Officer,ET00071682,SKRP
0,Jurassic World: Fallen Kingdom,ET00058799,SHLG
1,Veere Di Wedding,ET00042975,SHLG
2,Baaghi 2,ET00053840,SHLG
0,Carry On Jatta 2 ,ET00020972,SMLA
1,Veere Di Wedding,ET00042975,SMLA
2,Jurassic World: Fallen Kingdom,ET00058799,SMLA
3,Parmanu: The Story of Pokhran,ET00058781,SMLA
4,Kaala,ET00057686,SMLA
0,Rangasthalam,ET00058961,SHIR
0,Kaala,ET00057686,SHIA
1,Jurassic World: Fallen Kingdom,ET00058799,SHIA
2,Raambo 2,ET00075633,SHIA
3,Parmanu: The Story of Pokhran,ET00058781,SHIA
4,Veere Di Wedding,ET00042975,SHIA
5,Tagaru,ET00049201,SHIA
6,Shivu Paru,ET00075452,SHIA
7,Neerdose,ET00022668,SHIA
0,Veere Di Wedding,ET00042975,SHIV
1,Kaala,ET00057686,SHIV
2,Race 3,ET00063107,SHIV
0,Jurassic World: Fallen Kingdom,ET00058799,SHNR
1,Kaala,ET00057686,SHNR
0,Kaala,ET00057686,SHUR
1,Farzand,ET00072484,SHUR
0,Kaala,ET00057686,SIL
1,Veere Di Wedding,ET00042975,SIL
0,Jurassic World: Fallen Kingdom,ET00058799,SILI
1,Veere Di Wedding,ET00042975,SILI
2,Parmanu: The Story of Pokhran,ET00058781,SILI
3,Raazi,ET00059201,SILI
4,Uma,ET00063261,SILI
5,Kaala,ET00057686,SILI
6,Race 3,ET00063107,SILI
7,Haami,ET00071832,SILI
0,Raambo 2,ET00075633,SIND
1,Shathaya Gathaya,ET00076087,SIND
0,Kaala,ET00057686,SNGR
1,Jurassic World: Fallen Kingdom,ET00058799,SNGR
0,Kaala,ET00057686,SINA
1,Farzand,ET00072484,SINA
0,Kaala,ET00057686,SIRC
1,Mahanati,ET00054544,SIRC
2,Ammammagarillu,ET00070902,SIRC
0,Kaala,ET00057686,SIRO
0,Carry On Jatta 2 ,ET00020972,SISA
1,Jurassic World: Fallen Kingdom,ET00058799,SISA
2,Veere Di Wedding,ET00042975,SISA
3,Parmanu: The Story of Pokhran,ET00058781,SISA
0,Dulhin Ganga Paar Ke,ET00073401,SIMA
0,Jurassic World: Fallen Kingdom,ET00058799,SITA
1,Veere Di Wedding,ET00042975,SITA
2,Kaala,ET00057686,SITA
3,Race 3,ET00063107,SITA
4,Parmanu: The Story of Pokhran,ET00058781,SITA
0,Kaala,ET00057686,SHVG
0,Iruttu Araiyil Murattu Kuththu,ET00070719,SIV
1,Bhaskar Oru Rascal,ET00063008,SIV
0,Jurassic World: Fallen Kingdom,ET00058799,SVSG
0,Jurassic World: Fallen Kingdom,ET00058799,SOLA
1,Kaala,ET00057686,SOLA
2,Parmanu: The Story of Pokhran,ET00058781,SOLA
3,Farzand,ET00072484,SOLA
4,Veere Di Wedding,ET00042975,SOLA
0,Jurassic World: Fallen Kingdom,ET00058799,RAIH
1,Carry On Jatta 2 ,ET00020972,RAIH
2,Veere Di Wedding,ET00042975,RAIH
3,Kaala,ET00057686,RAIH
0,Abhimanyudu,ET00068740,SRKL
1,Mahanati,ET00054544,SRKL
2,Ammammagarillu,ET00070902,SRKL
3,Rangasthalam,ET00058961,SRKL
0,Mahanati,ET00054544,SRTI
1,Bharat Ane Nenu,ET00059033,SRTI
0,Tagaru,ET00049201,SRIR
0,Kaala,ET00057686,SRIV
1,Sema,ET00059477,SRIV
2,Irumbuthirai,ET00068334,SRIV
0,Jurassic World: Fallen Kingdom,ET00058799,SLUT
1,Veere Di Wedding,ET00042975,SLUT
2,Kaala,ET00057686,SLUT
3,Race 3,ET00063107,SLUT
0,Jurassic World: Fallen Kingdom,ET00058799,SUND
1,Veere Di Wedding,ET00042975,SUND
2,Kaala,ET00057686,SUND
0,Jurassic World: Fallen Kingdom,ET00058799,SURT
1,Veere Di Wedding,ET00042975,SURT
2,Parmanu: The Story of Pokhran,ET00058781,SURT
3,Kaala,ET00057686,SURT
4,Raazi,ET00059201,SURT
5,Vandha Villas,ET00066887,SURT
6,Avengers: Infinity War,ET00073462,SURT
7,102 Not Out,ET00037296,SURT
8,Deadpool 2,ET00049430,SURT
9,Race 3,ET00063107,SURT
10,Fera Feri Hera Feri,ET00073720,SURT
11,Carry On Jatta 2 ,ET00020972,SURT
0,Jurassic World: Fallen Kingdom,ET00058799,SRDN
1,Parmanu: The Story of Pokhran,ET00058781,SRDN
2,Kaala,ET00057686,SRDN
3,Veere Di Wedding,ET00042975,SRDN
0,Parmanu: The Story of Pokhran,ET00058781,BSRI
0,Kaala,ET00057686,SURY
1,Abhimanyudu,ET00068740,SURY
2,Rajugadu,ET00075146,SURY
3,Rangasthalam,ET00058961,SURY
4,Ammammagarillu,ET00070902,SURY
0,Jurassic World: Fallen Kingdom,ET00058799,TADP
1,Abhimanyudu,ET00068740,TADP
2,Kaala,ET00057686,TADP
0,Kaala,ET00057686,TTPP
0,Racket,ET00076181,TMLU
0,Carry On Jatta 2 ,ET00020972,TNDA
1,Jurassic World: Fallen Kingdom,ET00058799,TNDA
0,Kaala,ET00057686,TAND
1,Nela Ticket,ET00071700,TAND
0,Nela Ticket,ET00071700,TANG
0,Kaala,ET00057686,TANK
1,Abhimanyudu,ET00068740,TANK
2,Nela Ticket,ET00071700,TANK
3,Bharat Ane Nenu,ET00059033,TANK
4,Rangasthalam,ET00058961,TANK
5,Jurassic World: Fallen Kingdom,ET00058799,TANK
6,Mahanati,ET00054544,TANK
0,Rathaavara,ET00036006,TERE
0,Mehbooba,ET00073071,TATI
1,Kaala,ET00057686,TATI
0,Kaala,ET00057686,TKLI
1,Abhimanyudu,ET00068740,TKLI
0,Kaala,ET00057686,TELP
0,Ammammagarillu,ET00070902,TENA
1,Nela Ticket,ET00071700,TENA
2,Abhimanyudu,ET00068740,TENA
3,Officer,ET00071682,TENA
0,Kaala,ET00057686,TENK
1,Jurassic World: Fallen Kingdom,ET00058799,TENK
2,Irumbuthirai,ET00068334,TENK
3,Kaali,ET00069756,TENK
0,Shivu Paru,ET00075452,TERD
0,Jurassic World: Fallen Kingdom,ET00058799,TEZP
1,Veere Di Wedding,ET00042975,TEZP
0,Jurassic World: Fallen Kingdom,ET00058799,THAY
1,Kaala,ET00057686,THAY
2,Aravindante Athidhikal,ET00073895,THAY
3,B. Tech,ET00074103,THAY
0,Jurassic World: Fallen Kingdom,ET00058799,THAL
1,Kaala,ET00057686,THAL
2,Aravindante Athidhikal,ET00073895,THAL
3,Panchavarnathatha,ET00072863,THAL
4,B. Tech,ET00074103,THAL
0,Kaala,ET00057686,THPD
0,Kaala,ET00057686,TANJ
0,Kaala,ET00057686,THRD
0,Jurassic World: Fallen Kingdom,ET00058799,THEN
1,Kaala,ET00057686,THEN
0,Kaala,ET00057686,THRU
0,Kaala,ET00057686,THRM
1,Abhimanyudu,ET00068740,THRM
0,Kaala,ET00057686,THND
1,Iravukku Aayiram Kangal,ET00055256,THND
0,Kaala,ET00057686,THVR
0,Jurassic World: Fallen Kingdom,ET00058799,THOD
1,Kaala,ET00057686,THOD
2,Aravindante Athidhikal,ET00073895,THOD
3,Panchavarnathatha,ET00072863,THOD
4,B. Tech,ET00074103,THOD
0,Kaala,ET00057686,THOR
0,Kaala,ET00057686,THYM
0,Jurassic World: Fallen Kingdom,ET00058799,THYR
0,Jurassic World: Fallen Kingdom,ET00058799,TINS
1,Veere Di Wedding,ET00042975,TINS
2,Kaala,ET00057686,TINS
0,Kaala,ET00057686,TIPT
1,Raambo 2,ET00075633,TIPT
0,Kaala,ET00057686,TRCD
1,Nadigaiyar Thilagam - Mahanadi,ET00072797,TRCD
0,Kaala,ET00057686,TIRV
1,Jurassic World: Fallen Kingdom,ET00058799,TIRV
2,Oru Kuppai Kathai,ET00076086,TIRV
3,Nadigaiyar Thilagam - Mahanadi,ET00072797,TIRV
4,Bhaskar Oru Rascal,ET00063008,TIRV
0,Kaala,ET00057686,TIRU
1,Jurassic World: Fallen Kingdom,ET00058799,TIRU
2,Mahanati,ET00054544,TIRU
3,Abhimanyudu,ET00068740,TIRU
4,Rangasthalam,ET00058961,TIRU
5,Bharat Ane Nenu,ET00059033,TIRU
6,Ammammagarillu,ET00070902,TIRU
7,Nela Ticket,ET00071700,TIRU
8,Naa Peru Surya Naa Illu India,ET00055830,TIRU
9,Race 3,ET00063107,TIRU
0,Kaala,ET00057686,TRPR
0,Kaala,ET00057686,TIRP
1,Jurassic World: Fallen Kingdom,ET00058799,TIRP
2,Bharat Ennum Naan,ET00076544,TIRP
3,Sema,ET00059477,TIRP
4,Bhaskar Oru Rascal,ET00063008,TIRP
0,Iruttu Araiyil Murattu Kuththu,ET00070719,TRVL
0,Kaala,ET00057686,TRVR
0,Kaala,ET00057686,TTGH
0,Kaala,ET00057686,TRIC
1,Jurassic World: Fallen Kingdom,ET00058799,TRIC
2,Irumbuthirai,ET00068334,TRIC
3,Nadigaiyar Thilagam - Mahanadi,ET00072797,TRIC
4,Bhaskar Oru Rascal,ET00063008,TRIC
5,Iravukku Aayiram Kangal,ET00055256,TRIC
6,Oru Kuppai Kathai,ET00076086,TRIC
7,Sema,ET00059477,TRIC
8,Munthal,ET00074349,TRIC
9,Adimai Penn,ET00001356,TRIC
10,Nippu ,ET00009025,TRIC
0,Jurassic World: Fallen Kingdom,ET00058799,TRIV
1,Kaala,ET00057686,TRIV
2,Aravindante Athidhikal,ET00073895,TRIV
3,Kuttanpillayude Sivarathri,ET00073894,TRIV
4,B. Tech,ET00074103,TRIV
5,Veere Di Wedding,ET00042975,TRIV
6,Parmanu: The Story of Pokhran,ET00058781,TRIV
7,Avengers: Infinity War,ET00073462,TRIV
8,Raazi,ET00059201,TRIV
9,Panchavarnathatha,ET00072863,TRIV
10,Irumbuthirai,ET00068334,TRIV
11,Sreehalli,ET00061494,TRIV
0,Raambo 2,ET00075633,TUKE
0,Jurassic World: Fallen Kingdom,ET00058799,TTCN
1,Kaala,ET00057686,TTCN
2,Sema,ET00059477,TTCN
0,Jurassic World: Fallen Kingdom,ET00058799,UDAI
1,Veere Di Wedding,ET00042975,UDAI
2,Parmanu: The Story of Pokhran,ET00058781,UDAI
3,Raazi,ET00059201,UDAI
4,Kaala,ET00057686,UDAI
0,Carry On Jatta 2 ,ET00020972,UDHM
0,Parmanu: The Story of Pokhran,ET00058781,UDUP
1,Neerdose,ET00022668,UDUP
0,Jurassic World: Fallen Kingdom,ET00058799,UJJN
1,Veere Di Wedding,ET00042975,UJJN
2,Parmanu: The Story of Pokhran,ET00058781,UJJN
3,Kaala,ET00057686,UJJN
4,Raazi,ET00059201,UJJN
5,102 Not Out,ET00037296,UJJN
0,Ami Toke Valobashi,ET00076725,ULUR
1,Sultan - The Saviour,ET00074574,ULUR
0,Kaala,ET00057686,ULPT
1,Oru Kuppai Kathai,ET00076086,ULPT
0,Kaala,ET00057686,UMER
1,Veere Di Wedding,ET00042975,UMER
2,Wanted (Bhojpuri),ET00074287,UMER
0,DJ - Dangerous Jaanbaaz,ET00063852,UNNA
0,Kaali,ET00069756,UTHM
1,Kaala,ET00057686,UTHM
0,Krina,ET00076854,UTRA
0,Bhaskar Oru Rascal,ET00063008,VADA
0,Jurassic World: Fallen Kingdom,ET00058799,VAD
1,Parmanu: The Story of Pokhran,ET00058781,VAD
2,Veere Di Wedding,ET00042975,VAD
3,Raazi,ET00059201,VAD
4,Kaala,ET00057686,VAD
5,102 Not Out,ET00037296,VAD
6,Vandha Villas,ET00066887,VAD
7,Bucket List,ET00069206,VAD
8,Farzand,ET00072484,VAD
9,Fera Feri Hera Feri,ET00073720,VAD
10,Reva,ET00071702,VAD
11,Deadpool 2,ET00049430,VAD
12,Carry On Jatta 2 ,ET00020972,VAD
13,Desh Ni Koi Sharhad Prem Ne Roki Sakti Nathi,ET00033431,VAD
14,Patni Nachave Bhagwan Bachave,ET00077189,VAD
0,Kaala,ET00057686,VALL
0,Jurassic World: Fallen Kingdom,ET00058799,VLSD
1,Parmanu: The Story of Pokhran,ET00058781,VLSD
2,Kaala,ET00057686,VLSD
3,Veere Di Wedding,ET00042975,VLSD
0,Jurassic World: Fallen Kingdom,ET00058799,VAPI
1,Kaala,ET00057686,VAPI
2,Parmanu: The Story of Pokhran,ET00058781,VAPI
3,Veere Di Wedding,ET00042975,VAPI
4,Krina,ET00076854,VAPI
0,Jurassic World: Fallen Kingdom,ET00058799,VAR
1,Veere Di Wedding,ET00042975,VAR
2,Parmanu: The Story of Pokhran,ET00058781,VAR
3,Raazi,ET00059201,VAR
4,Kaala,ET00057686,VAR
5,Race 3,ET00063107,VAR
6,Krina,ET00076854,VAR
0,Jurassic World: Fallen Kingdom,ET00058799,VKAL
0,Mahanati,ET00054544,VAST
0,Kaala,ET00057686,VELI
0,Kaala,ET00057686,VELL
1,Jurassic World: Fallen Kingdom,ET00058799,VELL
2,Oru Kuppai Kathai,ET00076086,VELL
0,Kaala,ET00057686,VAIM
0,Kaala,ET00057686,VERU
1,Rangasthalam,ET00058961,VERU
0,Kaala,ET00057686,VNKT
0,Officer,ET00071682,VLEM
0,Raazi,ET00059201,VIDI
0,Veere Di Wedding,ET00042975,VIUR
1,Patni Nachave Bhagwan Bachave,ET00077189,VIUR
0,Mahanati,ET00054544,VRAI
0,Kaala,ET00057686,VIJA
1,Abhimanyudu,ET00068740,VIJA
2,Jurassic World: Fallen Kingdom,ET00058799,VIJA
3,Mahanati,ET00054544,VIJA
4,Ammammagarillu,ET00070902,VIJA
5,Parmanu: The Story of Pokhran,ET00058781,VIJA
6,Rajugadu,ET00075146,VIJA
7,Veere Di Wedding,ET00042975,VIJA
8,Bharat Ane Nenu,ET00059033,VIJA
9,Race 3,ET00063107,VIJA
10,Nela Ticket,ET00071700,VIJA
11,Rangasthalam,ET00058961,VIJA
12,Achari America Yatra,ET00060376,VIJA
0,Jurassic World: Fallen Kingdom,ET00058799,VKBD
1,Kaala,ET00057686,VKBD
0,Kaala,ET00057686,VILL
1,Jurassic World: Fallen Kingdom,ET00058799,VILL
0,Jurassic World: Fallen Kingdom,ET00058799,VNKD
0,Jurassic World: Fallen Kingdom,ET00058799,VIRU
0,Abhimanyudu,ET00068740,VIZA
1,Mahanati,ET00054544,VIZA
2,Kaala,ET00057686,VIZA
3,Jurassic World: Fallen Kingdom,ET00058799,VIZA
4,Ammammagarillu,ET00070902,VIZA
5,Veere Di Wedding,ET00042975,VIZA
6,Nela Ticket,ET00071700,VIZA
7,Parmanu: The Story of Pokhran,ET00058781,VIZA
8,Raazi,ET00059201,VIZA
9,Bharat Ane Nenu,ET00059033,VIZA
10,Rangasthalam,ET00058961,VIZA
11,Rajugadu,ET00075146,VIZA
12,Race 3,ET00063107,VIZA
13,Mehbooba,ET00073071,VIZA
0,Mahanati,ET00054544,VIZI
1,Kaala,ET00057686,VIZI
2,Abhimanyudu,ET00068740,VIZI
3,Jurassic World: Fallen Kingdom,ET00058799,VIZI
4,Ammammagarillu,ET00070902,VIZI
5,Nela Ticket,ET00071700,VIZI
6,Rangasthalam,ET00058961,VIZI
7,Bharat Ane Nenu,ET00059033,VIZI
0,Jurassic World: Fallen Kingdom,ET00058799,VYUR
0,Jurassic World: Fallen Kingdom,ET00058799,WANA
1,Kaala,ET00057686,WANA
2,Mahanati,ET00054544,WANA
3,Abhimanyudu,ET00068740,WANA
0,Kaala,ET00057686,WANI
1,Unch Bharari,ET00077018,WANI
0,Kaala,ET00057686,WAR
1,Abhimanyudu,ET00068740,WAR
2,Jurassic World: Fallen Kingdom,ET00058799,WAR
3,Mahanati,ET00054544,WAR
4,Parmanu: The Story of Pokhran,ET00058781,WAR
5,Race 3,ET00063107,WAR
6,Rajugadu,ET00075146,WAR
7,Nela Ticket,ET00071700,WAR
8,Rangasthalam,ET00058961,WAR
9,Naa Nuvve,ET00068795,WAR
0,Kaala,ET00057686,WRRA
1,Unch Bharari,ET00077018,WRRA
0,Kaala,ET00057686,WWAR
0,Kaala,ET00057686,YADG
0,Carry On Jatta 2 ,ET00020972,YAMU
1,Veere Di Wedding,ET00042975,YAMU
2,Jurassic World: Fallen Kingdom,ET00058799,YAMU
3,Race 3,ET00063107,YAMU
4,Kaala,ET00057686,YAMU
0,Jurassic World: Fallen Kingdom,ET00058799,YAVA
1,Parmanu: The Story of Pokhran,ET00058781,YAVA
2,Kaala,ET00057686,YAVA
3,Veere Di Wedding,ET00042975,YAVA
4,Race 3,ET00063107,YAVA
0,Buckaasuura,ET00072306,YELB
0,Kaala,ET00057686,YLMN
0,Kaala,ET00057686,YEMM
1,Jurassic World: Fallen Kingdom,ET00058799,YEMM
0,Kaala,ET00057686,YERR
0,Kaala,ET00057686,ZAGE
1,Abhimanyudu,ET00068740,ZAGE
0,Jurassic World: Fallen Kingdom,ET00058799,AHMED
1,Farzand,ET00072484,AHMED
2,Kaala,ET00057686,AHMED
3,Parmanu: The Story of Pokhran,ET00058781,AHMED
4,Veere Di Wedding,ET00042975,AHMED
5,AA BB KK,ET00076165,AHMED
0,Jurassic World: Fallen Kingdom,ET00058799,ALPZ
1,Kaala,ET00057686,ALPZ
0,Jurassic World: Fallen Kingdom,ET00058799,ALLH
1,Veere Di Wedding,ET00042975,ALLH
2,Parmanu: The Story of Pokhran,ET00058781,ALLH
3,Raazi,ET00059201,ALLH
4,Kaala,ET00057686,ALLH
5,102 Not Out,ET00037296,ALLH
6,Race 3,ET00063107,ALLH
7,Biwi No 1 ,ET00015692,ALLH
8,Aatankvadi,ET00054871,ALLH
0,Jurassic World: Fallen Kingdom,ET00058799,ALWR
1,Veere Di Wedding,ET00042975,ALWR
2,Kaala,ET00057686,ALWR
0,Veere Di Wedding,ET00042975,ANKL
1,Parmanu: The Story of Pokhran,ET00058781,ANKL
2,Kaala,ET00057686,ANKL
0,Irumbuthirai,ET00068334,ARUP
0,Kaala,ET00057686,BEED
1,Jurassic World: Fallen Kingdom,ET00058799,BEED
2,Farzand,ET00072484,BEED
3,AA BB KK,ET00076165,BEED
0,Jurassic World: Fallen Kingdom,ET00058799,BHIL
1,Veere Di Wedding,ET00042975,BHIL
2,Parmanu: The Story of Pokhran,ET00058781,BHIL
3,Kaala,ET00057686,BHIL
0,Jurassic World: Fallen Kingdom,ET00058799,BHWD
1,Veere Di Wedding,ET00042975,BHWD
2,Parmanu: The Story of Pokhran,ET00058781,BHWD
3,Kaala,ET00057686,BHWD
4,Raazi,ET00059201,BHWD
0,Jurassic World: Fallen Kingdom,ET00058799,BOIS
1,Farzand,ET00072484,BOIS
2,Kaala,ET00057686,BOIS
3,Parmanu: The Story of Pokhran,ET00058781,BOIS
4,AA BB KK,ET00076165,BOIS
5,Sugna 2,ET00070242,BOIS
0,Jurassic World: Fallen Kingdom,ET00058799,CHEG
1,Kaala,ET00057686,CHEG
2,Aravindante Athidhikal,ET00073895,CHEG
3,B. Tech,ET00074103,CHEG
4,Kaamuki,ET00074216,CHEG
0,Jurassic World: Fallen Kingdom,ET00058799,CHIN
1,Veere Di Wedding,ET00042975,CHIN
2,Kaala,ET00057686,CHIN
3,Krina,ET00076854,CHIN
0,Kaala,ET00057686,DBBK
0,Kaala,ET00057686,GDVK
1,Jurassic World: Fallen Kingdom,ET00058799,GDVK
2,Abhimanyudu,ET00068740,GDVK
0,Jurassic World: Fallen Kingdom,ET00058799,GWAL
1,Veere Di Wedding,ET00042975,GWAL
2,Parmanu: The Story of Pokhran,ET00058781,GWAL
3,Raazi,ET00059201,GWAL
4,Race 3,ET00063107,GWAL
5,Kaala,ET00057686,GWAL
0,Kaala,ET00057686,HRE
0,Jurassic World: Fallen Kingdom,ET00058799,HWRH
1,Uma,ET00063261,HWRH
2,Parmanu: The Story of Pokhran,ET00058781,HWRH
3,Veere Di Wedding,ET00042975,HWRH
4,Haami,ET00071832,HWRH
5,Kaala,ET00057686,HWRH
6,Raazi,ET00059201,HWRH
7,Race 3,ET00063107,HWRH
8,Good Night City,ET00055072,HWRH
9,Racket,ET00076181,HWRH
0,Jurassic World: Fallen Kingdom,ET00058799,JABL
1,Veere Di Wedding,ET00042975,JABL
2,Parmanu: The Story of Pokhran,ET00058781,JABL
3,Kaala,ET00057686,JABL
4,Raazi,ET00059201,JABL
0,Uma,ET00063261,JPG
1,Veere Di Wedding,ET00042975,JPG
2,Kaala,ET00057686,JPG
3,Jaal,ET00076768,JPG
0,Carry On Jatta 2 ,ET00020972,JAMM
1,Jurassic World: Fallen Kingdom,ET00058799,JAMM
2,Veere Di Wedding,ET00042975,JAMM
3,Race 3,ET00063107,JAMM
4,Parmanu: The Story of Pokhran,ET00058781,JAMM
5,Kaala,ET00057686,JAMM
0,Jurassic World: Fallen Kingdom,ET00058799,KARG
1,Aravindante Athidhikal,ET00073895,KARG
2,Kaala,ET00057686,KARG
3,B. Tech,ET00074103,KARG
4,Ee.Ma.Yau,ET00064076,KARG
0,Kaali,ET00069756,KWAR
0,Kaala,ET00057686,AWCK
1,Jurassic World: Fallen Kingdom,ET00058799,AWCK
0,Jurassic World: Fallen Kingdom,ET00058799,KOLM
1,Kaala,ET00057686,KOLM
2,Aravindante Athidhikal,ET00073895,KOLM
3,B. Tech,ET00074103,KOLM
0,Jurassic World: Fallen Kingdom,ET00058799,KRBA
1,Kaala,ET00057686,KRBA
2,Veere Di Wedding,ET00042975,KRBA
0,Carry On Jatta 2 ,ET00020972,KOTK
1,Jurassic World: Fallen Kingdom,ET00058799,KOTK
2,Kaala,ET00057686,KOTK
0,Om,ET00044811,MND
1,Neerdose,ET00022668,MND
0,Kaala,ET00057686,MNGU
0,Parmanu: The Story of Pokhran,ET00058781,MATH
1,Veere Di Wedding,ET00042975,MATH
2,Jurassic World: Fallen Kingdom,ET00058799,MATH
3,Kaala,ET00057686,MATH
4,Race 3,ET00063107,MATH
0,Jurassic World: Fallen Kingdom,ET00058799,MDAK
1,Kaala,ET00057686,MDAK
2,Ammammagarillu,ET00070902,MDAK
0,Jurassic World: Fallen Kingdom,ET00058799,MTPM
1,Kaala,ET00057686,MTPM
0,Jurassic World: Fallen Kingdom,ET00058799,MRGD
1,Kaala,ET00057686,MRGD
0,Carry On Jatta 2 ,ET00020972,MOGA
1,Jurassic World: Fallen Kingdom,ET00058799,MOGA
2,Kaala,ET00057686,MOGA
3,Rubb Rakha,ET00076187,MOGA
0,Jurassic World: Fallen Kingdom,ET00058799,MSS
1,Kaala,ET00057686,MSS
2,Veere Di Wedding,ET00042975,MSS
0,Jurassic World: Fallen Kingdom,ET00058799,NAIN
1,Race 3,ET00063107,NAIN
2,Veere Di Wedding,ET00042975,NAIN
0,Jurassic World: Fallen Kingdom,ET00058799,NVSR
1,Parmanu: The Story of Pokhran,ET00058781,NVSR
2,Veere Di Wedding,ET00042975,NVSR
3,Kaala,ET00057686,NVSR
0,Farzand,ET00072484,PALG
1,Kaala,ET00057686,PALG
0,Kaala,ET00057686,POLL
1,Jurassic World: Fallen Kingdom,ET00058799,POLL
0,Nadigaiyar Thilagam - Mahanadi,ET00072797,PAPT
0,Jurassic World: Fallen Kingdom,ET00058799,RAJA
1,Veere Di Wedding,ET00042975,RAJA
2,Kaala,ET00057686,RAJA
3,Parmanu: The Story of Pokhran,ET00058781,RAJA
4,Mor Mann Ke Meet,ET00076306,RAJA
0,Jurassic World: Fallen Kingdom,ET00058799,RWAA
1,Parmanu: The Story of Pokhran,ET00058781,RWAA
2,Veere Di Wedding,ET00042975,RWAA
3,Kaala,ET00057686,RWAA
4,Krina,ET00076854,RWAA
0,Kaala,ET00057686,SNGO
1,AA BB KK,ET00076165,SNGO
0,Ammammagarillu,ET00070902,SATH
1,Mahanati,ET00054544,SATH
0,Jurassic World: Fallen Kingdom,ET00058799,SEHO
0,Jurassic World: Fallen Kingdom,ET00058799,SDDP
0,Kaala,ET00057686,SIKR
1,Veere Di Wedding,ET00042975,SIKR
2,Jurassic World: Fallen Kingdom,ET00058799,SIKR
0,Kaala,ET00057686,SILV
0,Jurassic World: Fallen Kingdom,ET00058799,SCO
1,Veere Di Wedding,ET00042975,SCO
2,Carry On Jatta 2 ,ET00020972,SCO
3,Kaala,ET00057686,SCO
0,Jurassic World: Fallen Kingdom,ET00058799,THSR
1,Kaala,ET00057686,THSR
2,Aravindante Athidhikal,ET00073895,THSR
3,Ee.Ma.Yau,ET00064076,THSR
4,B. Tech,ET00074103,THSR
5,Kuttanpillayude Sivarathri,ET00073894,THSR
6,Nadigaiyar Thilagam - Mahanadi,ET00072797,THSR
7,Panchavarnathatha,ET00072863,THSR
8,Raazi,ET00059201,THSR
9,Uncle,ET00064072,THSR
10,Sudani from Nigeria,ET00070630,THSR
11,Avengers: Infinity War,ET00073462,THSR
12,Veere Di Wedding,ET00042975,THSR
0,Kaala,ET00057686,UDGR
1,Race 3,ET00063107,UDGR
0,Kaala,ET00057686,UDMP
0,Kaala,ET00057686,ACVC
1,Jurassic World: Fallen Kingdom,ET00058799,ACVC
0,Ammammagarillu,ET00070902,YRLL
1,Officer,ET00071682,YRLL
